Agency,CLR,County,MRD,State,YearAnoka,1,"Anoka, MN",1,Minnesota,1965Fridley,1,"Anoka, MN",2,Minnesota,1965Becker,1,"Becker, MN",1,Minnesota,1965Blue Earth,1,"Blue Earth, MN",1,Minnesota,1965Mankato,0,"Blue Earth, MN",1,Minnesota,1965Cass,1,"Cass, MN",1,Minnesota,1965Freeborn,2,"Freeborn, MN",2,Minnesota,1965Minneapolis,23,"Hennepin, MN",23,Minnesota,1965Nashwauk,1,"Itasca, MN",1,Minnesota,1965Kandiyohi,0,"Kandiyohi, MN",2,Minnesota,1965Morrison,2,"Morrison, MN",2,Minnesota,1965Murray,3,"Murray, MN",3,Minnesota,1965Olmsted,1,"Olmsted, MN",1,Minnesota,1965Pine,1,"Pine, MN",1,Minnesota,1965Ramsey,1,"Ramsey, MN",1,Minnesota,1965Shoreview,1,"Ramsey, MN",1,Minnesota,1965St. Paul,5,"Ramsey, MN",7,Minnesota,1965Duluth,1,"St. Louis, MN",1,Minnesota,1965Hibbing,1,"St. Louis, MN",1,Minnesota,1965Blaine,1,"Anoka, MN",1,Minnesota,1990Columbia Heights,0,"Anoka, MN",1,Minnesota,1990Coon Rapids,1,"Anoka, MN",1,Minnesota,1990Becker,1,"Becker, MN",1,Minnesota,1990Beltrami,1,"Beltrami, MN",1,Minnesota,1990Benton,2,"Benton, MN",2,Minnesota,1990Cloquet,1,"Carlton, MN",1,Minnesota,1990Chisago,1,"Chisago, MN",1,Minnesota,1990Brainerd,0,"Crow Wing, MN",1,Minnesota,1990Lakeville,1,"Dakota, MN",1,Minnesota,1990West St. Paul,1,"Dakota, MN",1,Minnesota,1990Freeborn,1,"Freeborn, MN",1,Minnesota,1990Brooklyn Center,1,"Hennepin, MN",1,Minnesota,1990Crystal,0,"Hennepin, MN",1,Minnesota,1990Golden Valley,1,"Hennepin, MN",1,Minnesota,1990Hennepin,1,"Hennepin, MN",1,Minnesota,1990Hopkins,2,"Hennepin, MN",2,Minnesota,1990Minneapolis,5,"Hennepin, MN",6,Minnesota,1990Plymouth,1,"Hennepin, MN",1,Minnesota,1990Richfield,2,"Hennepin, MN",2,Minnesota,1990St. Louis Park,1,"Hennepin, MN",1,Minnesota,1990Houston,1,"Houston, MN",1,Minnesota,1990Itasca,1,"Itasca, MN",1,Minnesota,1990Le Sueur,1,"Le Sueur, MN",1,Minnesota,1990Mille Lacs,1,"Mille Lacs, MN",2,Minnesota,1990Little Falls,1,"Morrison, MN",1,Minnesota,1990Morrison,1,"Morrison, MN",1,Minnesota,1990Olmsted,1,"Olmsted, MN",1,Minnesota,1990Otter Tail,1,"Otter Tail, MN",1,Minnesota,1990North St. Paul,1,"Ramsey, MN",1,Minnesota,1990Roseville,1,"Ramsey, MN",1,Minnesota,1990St. Paul,13,"Ramsey, MN",18,Minnesota,1990Elk River,1,"Sherburne, MN",1,Minnesota,1990Sherburne,1,"Sherburne, MN",1,Minnesota,1990Duluth,4,"St. Louis, MN",4,Minnesota,1990St. Louis,2,"St. Louis, MN",2,Minnesota,1990St. Cloud,1,"Stearns, MN",1,Minnesota,1990Stearns,1,"Stearns, MN",1,Minnesota,1990Owatonna,1,"Steele, MN",1,Minnesota,1990Todd,1,"Todd, MN",1,Minnesota,1990Traverse,1,"Traverse, MN",1,Minnesota,1990Wadena,1,"Wadena, MN",1,Minnesota,1990Bayport,1,"Washington, MN",1,Minnesota,1990Stillwater,1,"Washington, MN",1,Minnesota,1990Winona,2,"Winona, MN",2,Minnesota,1990Wright,1,"Wright, MN",1,Minnesota,1990Fridley,2,"Anoka, MN",2,Minnesota,1966Becker,1,"Becker, MN",1,Minnesota,1966Windom,1,"Cottonwood, MN",1,Minnesota,1966Blue Earth,1,"Faribault, MN",1,Minnesota,1966Hennepin,0,"Hennepin, MN",1,Minnesota,1966Minneapolis,30,"Hennepin, MN",36,Minnesota,1966Richfield,1,"Hennepin, MN",1,Minnesota,1966Grand Rapids,1,"Itasca, MN",1,Minnesota,1966Fairmont,1,"Martin, MN",1,Minnesota,1966Meeker,0,"Meeker, MN",1,Minnesota,1966Mille Lacs,1,"Mille Lacs, MN",1,Minnesota,1966Rochester,3,"Olmsted, MN",3,Minnesota,1966St. Paul,12,"Ramsey, MN",14,Minnesota,1966Faribault,1,"Rice, MN",1,Minnesota,1966Northfield,1,"Rice, MN",1,Minnesota,1966Duluth,2,"St. Louis, MN",3,Minnesota,1966Hibbing,1,"St. Louis, MN",1,Minnesota,1966St. Louis,1,"St. Louis, MN",1,Minnesota,1966Stearns,1,"Stearns, MN",1,Minnesota,1966Owatonna,0,"Steele, MN",1,Minnesota,1966Steele,1,"Steele, MN",1,Minnesota,1966Washington,1,"Washington, MN",1,Minnesota,1966Anoka,1,"Anoka, MN",1,Minnesota,1967Fridley,0,"Anoka, MN",1,Minnesota,1967Chisago,2,"Chisago, MN",2,Minnesota,1967Clearwater,0,"Clearwater, MN",1,Minnesota,1967Cottonwood,1,"Cottonwood, MN",1,Minnesota,1967Crystal,1,"Hennepin, MN",2,Minnesota,1967Hennepin,1,"Hennepin, MN",1,Minnesota,1967Minneapolis,14,"Hennepin, MN",19,Minnesota,1967Kandiyohi,1,"Kandiyohi, MN",1,Minnesota,1967International Falls,1,"Koochiching, MN",1,Minnesota,1967Lake of The Woods,0,"Lake of the Woods, MN",1,Minnesota,1967Mille Lacs,2,"Mille Lacs, MN",2,Minnesota,1967Rochester,1,"Olmsted, MN",1,Minnesota,1967St. Paul,9,"Ramsey, MN",9,Minnesota,1967Duluth,3,"St. Louis, MN",3,Minnesota,1967Hibbing,1,"St. Louis, MN",1,Minnesota,1967St. Louis,0,"St. Louis, MN",2,Minnesota,1967Stearns,5,"Stearns, MN",5,Minnesota,1967Traverse,0,"Traverse, MN",1,Minnesota,1967Wadena,1,"Wadena, MN",1,Minnesota,1967Washington,1,"Washington, MN",1,Minnesota,1967Winona,1,"Winona, MN",1,Minnesota,1967Aitkin,1,"Aitkin, MN",1,Minnesota,1991Andover,1,"Anoka, MN",1,Minnesota,1991East Bethel,1,"Anoka, MN",1,Minnesota,1991Bemidji,1,"Beltrami, MN",1,Minnesota,1991Benton,1,"Benton, MN",1,Minnesota,1991Sauk Rapids,1,"Benton, MN",1,Minnesota,1991Blue Earth,1,"Blue Earth, MN",1,Minnesota,1991Mankato,1,"Blue Earth, MN",2,Minnesota,1991Cloquet,1,"Carlton, MN",1,Minnesota,1991Carver,2,"Carver, MN",2,Minnesota,1991Chaska,1,"Carver, MN",1,Minnesota,1991Chisago,1,"Chisago, MN",1,Minnesota,1991Brainerd,1,"Crow Wing, MN",1,Minnesota,1991Eagan,1,"Dakota, MN",1,Minnesota,1991Fillmore,1,"Fillmore, MN",1,Minnesota,1991Albert Lea,2,"Freeborn, MN",2,Minnesota,1991Bloomington,0,"Hennepin, MN",1,Minnesota,1991Brooklyn Center,2,"Hennepin, MN",2,Minnesota,1991Hopkins,1,"Hennepin, MN",1,Minnesota,1991Maple Grove,0,"Hennepin, MN",1,Minnesota,1991Minneapolis,13,"Hennepin, MN",64,Minnesota,1991Minnetonka,1,"Hennepin, MN",1,Minnesota,1991New Hope,1,"Hennepin, MN",1,Minnesota,1991Kandiyohi,1,"Kandiyohi, MN",1,Minnesota,1991Willmar,1,"Kandiyohi, MN",1,Minnesota,1991Kittson,1,"Kittson, MN",1,Minnesota,1991International Falls,1,"Koochiching, MN",1,Minnesota,1991Le Sueur,2,"Le Sueur, MN",2,Minnesota,1991Mahnomen,0,"Mahnomen, MN",1,Minnesota,1991Fairmont,1,"Martin, MN",1,Minnesota,1991Austin,3,"Mower, MN",3,Minnesota,1991Murray,1,"Murray, MN",1,Minnesota,1991Fergus Falls,1,"Otter Tail, MN",1,Minnesota,1991Pine,1,"Pine, MN",1,Minnesota,1991North St. Paul,1,"Ramsey, MN",1,Minnesota,1991Roseville,1,"Ramsey, MN",1,Minnesota,1991St. Paul,0,"Ramsey, MN",12,Minnesota,1991Duluth,1,"St. Louis, MN",3,Minnesota,1991St. Louis,1,"St. Louis, MN",1,Minnesota,1991St. Cloud,3,"Stearns, MN",3,Minnesota,1991Stearns,1,"Stearns, MN",1,Minnesota,1991Swift,1,"Swift, MN",1,Minnesota,1991Bayport,1,"Washington, MN",1,Minnesota,1991Cottage Grove,1,"Washington, MN",2,Minnesota,1991Yellow Medicine,0,"Yellow Medicine, MN",1,Minnesota,1991Anoka,1,"Anoka, MN",1,Minnesota,1968Cass,1,"Cass, MN",1,Minnesota,1968Cook,1,"Cook, MN",1,Minnesota,1968Dakota,0,"Dakota, MN",1,Minnesota,1968Hastings,1,"Dakota, MN",1,Minnesota,1968Golden Valley,0,"Hennepin, MN",1,Minnesota,1968Minneapolis,38,"Hennepin, MN",40,Minnesota,1968St. Louis Park,1,"Hennepin, MN",1,Minnesota,1968Lyon,1,"Lyon, MN",1,Minnesota,1968Mcleod,1,"McLeod, MN",1,Minnesota,1968Meeker,1,"Meeker, MN",1,Minnesota,1968Olmsted,1,"Olmsted, MN",1,Minnesota,1968St. Paul,18,"Ramsey, MN",19,Minnesota,1968Faribault,1,"Rice, MN",1,Minnesota,1968Sherburne,2,"Sherburne, MN",2,Minnesota,1968Babbitt,1,"St. Louis, MN",1,Minnesota,1968Duluth,2,"St. Louis, MN",2,Minnesota,1968St. Louis,1,"St. Louis, MN",1,Minnesota,1968St. Cloud,1,"Stearns, MN",1,Minnesota,1968Steele,1,"Steele, MN",1,Minnesota,1968Winona,0,"Winona, MN",1,Minnesota,1968Wright,1,"Wright, MN",1,Minnesota,1968Blaine,0,"Anoka, MN",1,Minnesota,1992Coon Rapids,4,"Anoka, MN",4,Minnesota,1992Detroit Lakes,1,"Becker, MN",1,Minnesota,1992Blue Earth,1,"Blue Earth, MN",1,Minnesota,1992Mankato,1,"Blue Earth, MN",1,Minnesota,1992Carlton,1,"Carlton, MN",1,Minnesota,1992Carver,2,"Carver, MN",2,Minnesota,1992Cass,2,"Cass, MN",3,Minnesota,1992Moorhead,1,"Clay, MN",1,Minnesota,1992Cook,0,"Cook, MN",1,Minnesota,1992Crow Wing,1,"Crow Wing, MN",1,Minnesota,1992Dakota,2,"Dakota, MN",2,Minnesota,1992Eagan,1,"Dakota, MN",1,Minnesota,1992South St. Paul,1,"Dakota, MN",2,Minnesota,1992Dodge,1,"Dodge, MN",1,Minnesota,1992Faribault,1,"Faribault, MN",1,Minnesota,1992Brooklyn Center,1,"Hennepin, MN",1,Minnesota,1992Brooklyn Park,2,"Hennepin, MN",2,Minnesota,1992Golden Valley,1,"Hennepin, MN",1,Minnesota,1992Minneapolis,43,"Hennepin, MN",60,Minnesota,1992Minnetonka,1,"Hennepin, MN",1,Minnesota,1992Lake of The Woods,1,"Lake of the Woods, MN",1,Minnesota,1992Mahnomen,1,"Mahnomen, MN",1,Minnesota,1992Fairmont,1,"Martin, MN",1,Minnesota,1992Worthington,1,"Nobles, MN",1,Minnesota,1992Norman,1,"Norman, MN",1,Minnesota,1992Rochester,2,"Olmsted, MN",2,Minnesota,1992Otter Tail,1,"Otter Tail, MN",1,Minnesota,1992Thief River Falls,3,"Pennington, MN",3,Minnesota,1992Pine,3,"Pine, MN",3,Minnesota,1992St. Paul,23,"Ramsey, MN",33,Minnesota,1992Redwood,1,"Redwood, MN",2,Minnesota,1992Roseau,1,"Roseau, MN",1,Minnesota,1992Sherburne,1,"Sherburne, MN",2,Minnesota,1992Duluth,2,"St. Louis, MN",2,Minnesota,1992St. Louis,1,"St. Louis, MN",2,Minnesota,1992St. Cloud,2,"Stearns, MN",2,Minnesota,1992Staples,1,"Todd, MN",1,Minnesota,1992Stillwater,1,"Washington, MN",1,Minnesota,1992Winona,1,"Winona, MN",1,Minnesota,1992Anoka,0,"Anoka, MN",1,Minnesota,1993Coon Rapids,2,"Anoka, MN",2,Minnesota,1993Fridley,1,"Anoka, MN",1,Minnesota,1993Lino Lakes,1,"Anoka, MN",1,Minnesota,1993Ramsey,2,"Anoka, MN",2,Minnesota,1993Becker,1,"Becker, MN",1,Minnesota,1993Beltrami,1,"Beltrami, MN",1,Minnesota,1993Brown,1,"Brown, MN",1,Minnesota,1993Carlton,1,"Carlton, MN",1,Minnesota,1993Carver,1,"Carver, MN",1,Minnesota,1993Chanhassen,1,"Carver, MN",1,Minnesota,1993Moorhead,0,"Clay, MN",1,Minnesota,1993Clearwater,1,"Clearwater, MN",1,Minnesota,1993Crow Wing,3,"Crow Wing, MN",3,Minnesota,1993Lakeville,0,"Dakota, MN",1,Minnesota,1993Fillmore,1,"Fillmore, MN",1,Minnesota,1993Red Wing,1,"Goodhue, MN",2,Minnesota,1993Bloomington,3,"Hennepin, MN",4,Minnesota,1993Brooklyn Park,3,"Hennepin, MN",4,Minnesota,1993Crystal,3,"Hennepin, MN",3,Minnesota,1993Edina,1,"Hennepin, MN",1,Minnesota,1993Hennepin,2,"Hennepin, MN",2,Minnesota,1993Minneapolis,49,"Hennepin, MN",58,Minnesota,1993New Hope,1,"Hennepin, MN",1,Minnesota,1993Osseo,1,"Hennepin, MN",1,Minnesota,1993South Lake Minnetonka,1,"Hennepin, MN",1,Minnesota,1993West Hennepin,1,"Hennepin, MN",1,Minnesota,1993Hubbard,1,"Hubbard, MN",1,Minnesota,1993Willmar,1,"Kandiyohi, MN",1,Minnesota,1993Silver Bay,1,"Lake, MN",1,Minnesota,1993Two Harbors,1,"Lake, MN",1,Minnesota,1993Mahnomen,1,"Mahnomen, MN",1,Minnesota,1993Hutchinson,1,"McLeod, MN",1,Minnesota,1993Little Falls,1,"Morrison, MN",1,Minnesota,1993Morrison,1,"Morrison, MN",1,Minnesota,1993Rochester,3,"Olmsted, MN",3,Minnesota,1993Otter Tail,1,"Otter Tail, MN",1,Minnesota,1993Pine,0,"Pine, MN",1,Minnesota,1993East Grand Forks,1,"Polk, MN",1,Minnesota,1993Falcon Heights,1,"Ramsey, MN",1,Minnesota,1993Shoreview,1,"Ramsey, MN",2,Minnesota,1993St. Paul,15,"Ramsey, MN",22,Minnesota,1993Red Lake,1,"Red Lake, MN",1,Minnesota,1993Rice,1,"Rice, MN",1,Minnesota,1993Roseau,1,"Roseau, MN",1,Minnesota,1993Sherburne,1,"Sherburne, MN",1,Minnesota,1993Duluth,6,"St. Louis, MN",6,Minnesota,1993Hoyt Lakes,0,"St. Louis, MN",1,Minnesota,1993St. Louis,2,"St. Louis, MN",2,Minnesota,1993Virginia,1,"St. Louis, MN",1,Minnesota,1993St. Cloud,1,"Stearns, MN",2,Minnesota,1993Steele,1,"Steele, MN",1,Minnesota,1993Swift,1,"Swift, MN",1,Minnesota,1993Forest Lake,1,"Washington, MN",1,Minnesota,1993Washington,1,"Washington, MN",1,Minnesota,1993Columbia Heights,1,"Anoka, MN",1,Minnesota,1969Spring Lake Park,1,"Anoka, MN",1,Minnesota,1969Brown,0,"Brown, MN",1,Minnesota,1969Burnsville,1,"Dakota, MN",1,Minnesota,1969Dakota,1,"Dakota, MN",1,Minnesota,1969Inver Grove Heights,1,"Dakota, MN",1,Minnesota,1969Douglas,1,"Douglas, MN",1,Minnesota,1969Minneapolis,23,"Hennepin, MN",30,Minnesota,1969Minnetonka,1,"Hennepin, MN",1,Minnesota,1969Orono,1,"Hennepin, MN",1,Minnesota,1969Houston,1,"Houston, MN",1,Minnesota,1969Park Rapids,1,"Hubbard, MN",1,Minnesota,1969Lake,1,"Lake, MN",1,Minnesota,1969Otter Tail,3,"Otter Tail, MN",3,Minnesota,1969St. Paul,14,"Ramsey, MN",16,Minnesota,1969White Bear Lake,1,"Ramsey, MN",1,Minnesota,1969Redwood,1,"Redwood, MN",1,Minnesota,1969Duluth,1,"St. Louis, MN",1,Minnesota,1969Washington,1,"Washington, MN",1,Minnesota,1969Wilkin,0,"Wilkin, MN",1,Minnesota,1969Anoka,0,"Anoka, MN",1,Minnesota,1994Columbia Heights,1,"Anoka, MN",1,Minnesota,1994Coon Rapids,2,"Anoka, MN",2,Minnesota,1994Becker,1,"Becker, MN",1,Minnesota,1994Carlton,1,"Carlton, MN",1,Minnesota,1994Carver,1,"Carver, MN",1,Minnesota,1994Cass,3,"Cass, MN",3,Minnesota,1994Montevideo,0,"Chippewa, MN",1,Minnesota,1994Chisago,1,"Chisago, MN",1,Minnesota,1994Moorhead,2,"Clay, MN",2,Minnesota,1994Clearwater,1,"Clearwater, MN",1,Minnesota,1994Windom,1,"Cottonwood, MN",1,Minnesota,1994Crow Wing,2,"Crow Wing, MN",2,Minnesota,1994Burnsville,2,"Dakota, MN",2,Minnesota,1994South St. Paul,1,"Dakota, MN",1,Minnesota,1994Albert Lea,1,"Freeborn, MN",1,Minnesota,1994Bloomington,1,"Hennepin, MN",1,Minnesota,1994Brooklyn Center,1,"Hennepin, MN",2,Minnesota,1994Hennepin,1,"Hennepin, MN",1,Minnesota,1994Maple Grove,1,"Hennepin, MN",1,Minnesota,1994Minneapolis,41,"Hennepin, MN",62,Minnesota,1994Plymouth,0,"Hennepin, MN",1,Minnesota,1994Richfield,1,"Hennepin, MN",1,Minnesota,1994South Lake Minnetonka,1,"Hennepin, MN",1,Minnesota,1994La Crescent,1,"Houston, MN",1,Minnesota,1994Kanabec,1,"Kanabec, MN",1,Minnesota,1994Willmar,4,"Kandiyohi, MN",4,Minnesota,1994Lyon,1,"Lyon, MN",1,Minnesota,1994Hutchinson,1,"McLeod, MN",1,Minnesota,1994Mcleod,1,"McLeod, MN",1,Minnesota,1994Morrison,1,"Morrison, MN",1,Minnesota,1994Mower,0,"Mower, MN",3,Minnesota,1994Polk,1,"Polk, MN",1,Minnesota,1994North Oaks,0,"Ramsey, MN",1,Minnesota,1994Roseville,1,"Ramsey, MN",1,Minnesota,1994St. Paul,16,"Ramsey, MN",29,Minnesota,1994Roseau,3,"Roseau, MN",3,Minnesota,1994Duluth,4,"St. Louis, MN",4,Minnesota,1994St. Louis,1,"St. Louis, MN",1,Minnesota,1994St. Cloud,1,"Stearns, MN",2,Minnesota,1994Waseca,1,"Waseca, MN",1,Minnesota,1994Forest Lake,1,"Washington, MN",1,Minnesota,1994St. Paul Park,1,"Washington, MN",1,Minnesota,1994Woodbury,0,"Washington, MN",1,Minnesota,1994Watonwan,1,"Watonwan, MN",1,Minnesota,1994Wright,1,"Wright, MN",1,Minnesota,1994Aitkin,0,"Aitkin, MN",1,Minnesota,1970Brown,1,"Brown, MN",1,Minnesota,1970Sleepy Eye,0,"Brown, MN",1,Minnesota,1970Carlton,1,"Carlton, MN",1,Minnesota,1970Chisago,1,"Chisago, MN",1,Minnesota,1970Alexandria,1,"Douglas, MN",1,Minnesota,1970Freeborn,1,"Freeborn, MN",1,Minnesota,1970Brooklyn Center,1,"Hennepin, MN",1,Minnesota,1970Hennepin,1,"Hennepin, MN",1,Minnesota,1970Minneapolis,26,"Hennepin, MN",30,Minnesota,1970Kandiyohi,8,"Kandiyohi, MN",8,Minnesota,1970Willmar,1,"Kandiyohi, MN",1,Minnesota,1970Kittson,1,"Kittson, MN",1,Minnesota,1970Lac Qui Parle,1,"Lac qui Parle, MN",1,Minnesota,1970Morrison,1,"Morrison, MN",1,Minnesota,1970Austin,1,"Mower, MN",1,Minnesota,1970Rochester,1,"Olmsted, MN",1,Minnesota,1970St. Paul,14,"Ramsey, MN",14,Minnesota,1970White Bear Lake,1,"Ramsey, MN",1,Minnesota,1970Faribault,2,"Rice, MN",2,Minnesota,1970Duluth,1,"St. Louis, MN",1,Minnesota,1970St. Louis,1,"St. Louis, MN",1,Minnesota,1970Virginia,2,"St. Louis, MN",2,Minnesota,1970Lake City,1,"Wabasha, MN",1,Minnesota,1970Wabasha,1,"Wabasha, MN",1,Minnesota,1970St. Paul Park,1,"Washington, MN",1,Minnesota,1970Washington,0,"Washington, MN",1,Minnesota,1970Aitkin,0,"Aitkin, MN",1,Minnesota,1971Blaine,1,"Anoka, MN",1,Minnesota,1971Spring Lake Park,1,"Anoka, MN",1,Minnesota,1971Mankato,2,"Blue Earth, MN",3,Minnesota,1971Carlton,1,"Carlton, MN",1,Minnesota,1971Cass,3,"Cass, MN",3,Minnesota,1971Cook,1,"Cook, MN",1,Minnesota,1971Inver Grove Heights,0,"Dakota, MN",1,Minnesota,1971Dodge,1,"Dodge, MN",1,Minnesota,1971Freeborn,1,"Freeborn, MN",1,Minnesota,1971Brooklyn Center,0,"Hennepin, MN",2,Minnesota,1971Minneapolis,31,"Hennepin, MN",35,Minnesota,1971Plymouth,1,"Hennepin, MN",1,Minnesota,1971South Lake Minnetonka,0,"Hennepin, MN",1,Minnesota,1971Marshall,0,"Lyon, MN",1,Minnesota,1971Austin,1,"Mower, MN",1,Minnesota,1971Murray,2,"Murray, MN",2,Minnesota,1971Rochester,1,"Olmsted, MN",1,Minnesota,1971Otter Tail,0,"Otter Tail, MN",1,Minnesota,1971Crookston,1,"Polk, MN",1,Minnesota,1971Arden Hills,1,"Ramsey, MN",1,Minnesota,1971St. Paul,15,"Ramsey, MN",20,Minnesota,1971Rock,1,"Rock, MN",1,Minnesota,1971Scott,0,"Scott, MN",1,Minnesota,1971Chisholm,1,"St. Louis, MN",1,Minnesota,1971Duluth,3,"St. Louis, MN",3,Minnesota,1971St. Louis,0,"St. Louis, MN",1,Minnesota,1971Virginia,1,"St. Louis, MN",1,Minnesota,1971St. Cloud,1,"Stearns, MN",1,Minnesota,1971Wabasha,1,"Wabasha, MN",1,Minnesota,1971Waseca,1,"Waseca, MN",1,Minnesota,1971St. Paul Park,0,"Washington, MN",1,Minnesota,1971Woodbury Township,1,"Washington, MN",1,Minnesota,1971Blaine,6,"Anoka, MN",7,Minnesota,1995Coon Rapids,0,"Anoka, MN",1,Minnesota,1995Fridley,3,"Anoka, MN",3,Minnesota,1995Becker,1,"Becker, MN",1,Minnesota,1995Beltrami,2,"Beltrami, MN",2,Minnesota,1995Benton,1,"Benton, MN",1,Minnesota,1995Carver,1,"Carver, MN",4,Minnesota,1995Chisago,1,"Chisago, MN",1,Minnesota,1995Clay,1,"Clay, MN",1,Minnesota,1995Moorhead,1,"Clay, MN",1,Minnesota,1995Crow Wing,1,"Crow Wing, MN",1,Minnesota,1995Apple Valley,1,"Dakota, MN",1,Minnesota,1995Eagan,0,"Dakota, MN",1,Minnesota,1995South St. Paul,1,"Dakota, MN",1,Minnesota,1995West St. Paul,1,"Dakota, MN",2,Minnesota,1995Fillmore,1,"Fillmore, MN",1,Minnesota,1995Goodhue,1,"Goodhue, MN",1,Minnesota,1995Red Wing,1,"Goodhue, MN",1,Minnesota,1995Bloomington,2,"Hennepin, MN",2,Minnesota,1995Brooklyn Center,1,"Hennepin, MN",1,Minnesota,1995Brooklyn Park,1,"Hennepin, MN",1,Minnesota,1995Crystal,2,"Hennepin, MN",2,Minnesota,1995Eden Prairie,1,"Hennepin, MN",1,Minnesota,1995Golden Valley,0,"Hennepin, MN",1,Minnesota,1995Minneapolis,0,"Hennepin, MN",96,Minnesota,1995Richfield,1,"Hennepin, MN",1,Minnesota,1995Spring Park,2,"Hennepin, MN",2,Minnesota,1995Houston,2,"Houston, MN",2,Minnesota,1995Itasca,1,"Itasca, MN",1,Minnesota,1995Le Sueur,1,"Le Sueur, MN",1,Minnesota,1995Mower,1,"Mower, MN",1,Minnesota,1995St. Peter,1,"Nicollet, MN",1,Minnesota,1995Rochester,1,"Olmsted, MN",1,Minnesota,1995Otter Tail,1,"Otter Tail, MN",1,Minnesota,1995New Brighton,1,"Ramsey, MN",1,Minnesota,1995St. Paul,22,"Ramsey, MN",25,Minnesota,1995Northfield,0,"Rice, MN",1,Minnesota,1995Rice,1,"Rice, MN",1,Minnesota,1995Duluth,3,"St. Louis, MN",4,Minnesota,1995St. Louis,1,"St. Louis, MN",1,Minnesota,1995St. Cloud,1,"Stearns, MN",1,Minnesota,1995Cottage Grove,1,"Washington, MN",1,Minnesota,1995Blaine,2,"Anoka, MN",2,Minnesota,1972Fridley,1,"Anoka, MN",1,Minnesota,1972Mankato,1,"Blue Earth, MN",1,Minnesota,1972Farmington,1,"Dakota, MN",1,Minnesota,1972Albert Lea,1,"Freeborn, MN",1,Minnesota,1972Bloomington,1,"Hennepin, MN",1,Minnesota,1972Brooklyn Center,0,"Hennepin, MN",2,Minnesota,1972Edina,0,"Hennepin, MN",1,Minnesota,1972Hennepin,1,"Hennepin, MN",2,Minnesota,1972Minneapolis,30,"Hennepin, MN",39,Minnesota,1972Minnetonka,0,"Hennepin, MN",1,Minnesota,1972Houston,1,"Houston, MN",1,Minnesota,1972Itasca,1,"Itasca, MN",1,Minnesota,1972Tracy,1,"Lyon, MN",1,Minnesota,1972Worthington,1,"Nobles, MN",1,Minnesota,1972Pine,1,"Pine, MN",1,Minnesota,1972Crookston,1,"Polk, MN",1,Minnesota,1972East Grand Forks,1,"Polk, MN",1,Minnesota,1972Arden Hills,0,"Ramsey, MN",1,Minnesota,1972Falcon Heights,1,"Ramsey, MN",1,Minnesota,1972Mounds View,0,"Ramsey, MN",1,Minnesota,1972Shoreview,1,"Ramsey, MN",1,Minnesota,1972St. Paul,13,"Ramsey, MN",16,Minnesota,1972Redwood,1,"Redwood, MN",1,Minnesota,1972Shakopee,0,"Scott, MN",1,Minnesota,1972Sherburne,0,"Sherburne, MN",1,Minnesota,1972Duluth,2,"St. Louis, MN",2,Minnesota,1972Eveleth,0,"St. Louis, MN",1,Minnesota,1972St. Louis,3,"St. Louis, MN",3,Minnesota,1972Todd,1,"Todd, MN",1,Minnesota,1972Wadena,2,"Wadena, MN",2,Minnesota,1972Wadena,2,"Wadena, MN",2,Minnesota,1972Mahtomedi,1,"Washington, MN",1,Minnesota,1972Anoka,0,"Anoka, MN",1,Minnesota,1996Columbia Heights,1,"Anoka, MN",1,Minnesota,1996Ramsey,1,"Anoka, MN",1,Minnesota,1996Spring Lake Park,1,"Anoka, MN",1,Minnesota,1996Becker,1,"Becker, MN",1,Minnesota,1996Benton,0,"Benton, MN",1,Minnesota,1996Carlton,0,"Carlton, MN",1,Minnesota,1996Cloquet,0,"Carlton, MN",1,Minnesota,1996Cass,2,"Cass, MN",2,Minnesota,1996Clay,0,"Clay, MN",1,Minnesota,1996Clearwater,1,"Clearwater, MN",1,Minnesota,1996Windom,1,"Cottonwood, MN",1,Minnesota,1996Crow Wing,0,"Crow Wing, MN",1,Minnesota,1996Fillmore,0,"Fillmore, MN",2,Minnesota,1996Crystal,3,"Hennepin, MN",3,Minnesota,1996Golden Valley,0,"Hennepin, MN",2,Minnesota,1996Maple Grove,1,"Hennepin, MN",1,Minnesota,1996Minneapolis,0,"Hennepin, MN",83,Minnesota,1996Park Rapids,1,"Hubbard, MN",1,Minnesota,1996Kanabec,2,"Kanabec, MN",4,Minnesota,1996Kandiyohi,1,"Kandiyohi, MN",2,Minnesota,1996Little Falls,1,"Morrison, MN",1,Minnesota,1996Morrison,3,"Morrison, MN",3,Minnesota,1996Rochester,4,"Olmsted, MN",5,Minnesota,1996Thief River Falls,1,"Pennington, MN",1,Minnesota,1996Polk,0,"Polk, MN",1,Minnesota,1996Ramsey,1,"Ramsey, MN",2,Minnesota,1996Shoreview,1,"Ramsey, MN",1,Minnesota,1996St. Paul,24,"Ramsey, MN",26,Minnesota,1996Faribault,1,"Rice, MN",2,Minnesota,1996Shakopee,1,"Scott, MN",1,Minnesota,1996Duluth,1,"St. Louis, MN",3,Minnesota,1996Hibbing,1,"St. Louis, MN",1,Minnesota,1996Cold Spring,2,"Stearns, MN",2,Minnesota,1996St. Joseph,1,"Stearns, MN",1,Minnesota,1996Owatonna,0,"Steele, MN",1,Minnesota,1996Todd,4,"Todd, MN",5,Minnesota,1996Wadena,1,"Wadena, MN",1,Minnesota,1996Watonwan,1,"Watonwan, MN",1,Minnesota,1996Winona,1,"Winona, MN",1,Minnesota,1996Spring Lake Park,0,"Anoka, MN",1,Minnesota,1997Chisago,1,"Chisago, MN",2,Minnesota,1997Clay,0,"Clay, MN",1,Minnesota,1997Moorhead,0,"Clay, MN",1,Minnesota,1997Crosby,1,"Crow Wing, MN",1,Minnesota,1997Apple Valley,1,"Dakota, MN",1,Minnesota,1997Burnsville,2,"Dakota, MN",2,Minnesota,1997Hastings,2,"Dakota, MN",2,Minnesota,1997South St. Paul,2,"Dakota, MN",2,Minnesota,1997Brooklyn Center,0,"Hennepin, MN",2,Minnesota,1997Brooklyn Park,1,"Hennepin, MN",1,Minnesota,1997Eden Prairie,2,"Hennepin, MN",2,Minnesota,1997Hopkins,1,"Hennepin, MN",1,Minnesota,1997Minneapolis,11,"Hennepin, MN",58,Minnesota,1997Mound,1,"Hennepin, MN",1,Minnesota,1997Richfield,1,"Hennepin, MN",1,Minnesota,1997St. Louis Park,1,"Hennepin, MN",1,Minnesota,1997Hubbard,1,"Hubbard, MN",1,Minnesota,1997Itasca,0,"Itasca, MN",2,Minnesota,1997Jackson,1,"Jackson, MN",1,Minnesota,1997Lakefield,1,"Jackson, MN",1,Minnesota,1997Kandiyohi,1,"Kandiyohi, MN",1,Minnesota,1997Koochiching,0,"Koochiching, MN",1,Minnesota,1997Meeker,1,"Meeker, MN",1,Minnesota,1997Austin,1,"Mower, MN",1,Minnesota,1997Rochester,1,"Olmsted, MN",2,Minnesota,1997Pine,1,"Pine, MN",1,Minnesota,1997Little Canada,0,"Ramsey, MN",1,Minnesota,1997St. Paul,23,"Ramsey, MN",24,Minnesota,1997Anoka,0,"Anoka, MN",1,Minnesota,1973Anoka,1,"Anoka, MN",1,Minnesota,1973Blaine,0,"Anoka, MN",1,Minnesota,1973Centennial Lakes,1,"Anoka, MN",1,Minnesota,1973Ham Lake,1,"Anoka, MN",1,Minnesota,1973Blue Earth,1,"Blue Earth, MN",1,Minnesota,1973Carver,1,"Carver, MN",1,Minnesota,1973Cass,4,"Cass, MN",5,Minnesota,1973Clay,1,"Clay, MN",1,Minnesota,1973Cook,1,"Cook, MN",1,Minnesota,1973Dakota,0,"Dakota, MN",1,Minnesota,1973Bloomington,3,"Hennepin, MN",3,Minnesota,1973Maple Grove,2,"Hennepin, MN",2,Minnesota,1973Minneapolis,25,"Hennepin, MN",35,Minnesota,1973Minnetonka,1,"Hennepin, MN",0,Minnesota,1973New Hope,0,"Hennepin, MN",1,Minnesota,1973Orono,1,"Hennepin, MN",1,Minnesota,1973Hubbard,1,"Hubbard, MN",1,Minnesota,1973Itasca,2,"Itasca, MN",2,Minnesota,1973Koochiching,1,"Koochiching, MN",1,Minnesota,1973Le Sueur,1,"Le Sueur, MN",1,Minnesota,1973Little Falls,1,"Morrison, MN",1,Minnesota,1973Austin,0,"Mower, MN",1,Minnesota,1973Norman,1,"Norman, MN",1,Minnesota,1973Rochester,4,"Olmsted, MN",6,Minnesota,1973Otter Tail,1,"Otter Tail, MN",1,Minnesota,1973Crookston,1,"Polk, MN",1,Minnesota,1973Arden Hills,0,"Ramsey, MN",1,Minnesota,1973Maplewood,1,"Ramsey, MN",1,Minnesota,1973Minnesota State Patrol,0,"Ramsey, MN",1,Minnesota,1973Mounds View,1,"Ramsey, MN",1,Minnesota,1973St. Paul,12,"Ramsey, MN",14,Minnesota,1973Shakopee,1,"Scott, MN",0,Minnesota,1973St. Louis,5,"St. Louis, MN",5,Minnesota,1973Virginia,1,"St. Louis, MN",1,Minnesota,1973Wright,2,"Wright, MN",2,Minnesota,1973Redwood Falls,1,"Redwood, MN",1,Minnesota,1997Prior Lake,1,"Scott, MN",2,Minnesota,1997Duluth,2,"St. Louis, MN",4,Minnesota,1997St. Louis,1,"St. Louis, MN",1,Minnesota,1997Virginia,0,"St. Louis, MN",1,Minnesota,1997St. Cloud,1,"Stearns, MN",1,Minnesota,1997Bayport,1,"Washington, MN",1,Minnesota,1997Winona,1,"Winona, MN",1,Minnesota,1997Aitkin,1,"Aitkin, MN",1,Minnesota,1974Andover,1,"Anoka, MN",1,Minnesota,1974Anoka,2,"Anoka, MN",2,Minnesota,1974Columbia Heights,1,"Anoka, MN",1,Minnesota,1974Becker,2,"Becker, MN",2,Minnesota,1974Blue Earth,1,"Blue Earth, MN",1,Minnesota,1974Mankato,1,"Blue Earth, MN",1,Minnesota,1974Brown,1,"Brown, MN",1,Minnesota,1974Carlton,2,"Carlton, MN",2,Minnesota,1974Carver,2,"Carver, MN",2,Minnesota,1974Cass,1,"Cass, MN",1,Minnesota,1974Chisago,0,"Chisago, MN",1,Minnesota,1974Apple Valley,0,"Dakota, MN",1,Minnesota,1974Eagan,1,"Dakota, MN",1,Minnesota,1974South St. Paul,0,"Dakota, MN",1,Minnesota,1974Douglas,0,"Douglas, MN",2,Minnesota,1974Fillmore,0,"Fillmore, MN",1,Minnesota,1974Eden Prairie,1,"Hennepin, MN",1,Minnesota,1974Golden Valley,0,"Hennepin, MN",3,Minnesota,1974Hennepin,1,"Hennepin, MN",1,Minnesota,1974Minneapolis,32,"Hennepin, MN",39,Minnesota,1974Minnetonka,2,"Hennepin, MN",3,Minnesota,1974New Hope,0,"Hennepin, MN",1,Minnesota,1974St. Louis Park,4,"Hennepin, MN",5,Minnesota,1974Houston,1,"Houston, MN",1,Minnesota,1974Park Rapids,1,"Hubbard, MN",1,Minnesota,1974Isanti,0,"Isanti, MN",1,Minnesota,1974Willmar,0,"Kandiyohi, MN",1,Minnesota,1974Le Sueur,1,"Le Sueur, MN",1,Minnesota,1974Litchfield,1,"Meeker, MN",1,Minnesota,1974Olmsted,1,"Olmsted, MN",1,Minnesota,1974Rochester,1,"Olmsted, MN",0,Minnesota,1974Otter Tail,1,"Otter Tail, MN",1,Minnesota,1974Polk,1,"Polk, MN",1,Minnesota,1974St. Paul,17,"Ramsey, MN",18,Minnesota,1974Sherburne,0,"Sherburne, MN",1,Minnesota,1974Duluth,2,"St. Louis, MN",1,Minnesota,1974St. Louis,6,"St. Louis, MN",6,Minnesota,1974Virginia,1,"St. Louis, MN",1,Minnesota,1974Stearns,1,"Stearns, MN",4,Minnesota,1974Cottage Grove,1,"Washington, MN",1,Minnesota,1974Lake Elmo,0,"Washington, MN",1,Minnesota,1974Washington,1,"Washington, MN",1,Minnesota,1974Anoka,1,"Anoka, MN",1,Minnesota,1975Columbia Heights,1,"Anoka, MN",1,Minnesota,1975Spring Lake Park,1,"Anoka, MN",1,Minnesota,1975Benton,1,"Benton, MN",1,Minnesota,1975Blue Earth,1,"Blue Earth, MN",1,Minnesota,1975Carlton,0,"Carlton, MN",1,Minnesota,1975Cloquet,1,"Carlton, MN",1,Minnesota,1975Cass,1,"Cass, MN",2,Minnesota,1975Chisago,1,"Chisago, MN",1,Minnesota,1975Moorhead,1,"Clay, MN",1,Minnesota,1975Crow Wing,1,"Crow Wing, MN",1,Minnesota,1975Burnsville,1,"Dakota, MN",1,Minnesota,1975Eagan,1,"Dakota, MN",1,Minnesota,1975Farmington,1,"Dakota, MN",1,Minnesota,1975Hastings,1,"Dakota, MN",1,Minnesota,1975West St. Paul,1,"Dakota, MN",1,Minnesota,1975Red Wing,1,"Goodhue, MN",1,Minnesota,1975Brooklyn Center,0,"Hennepin, MN",1,Minnesota,1975Brooklyn Park,0,"Hennepin, MN",1,Minnesota,1975Edina,1,"Hennepin, MN",1,Minnesota,1975Golden Valley,0,"Hennepin, MN",1,Minnesota,1975Hennepin,0,"Hennepin, MN",2,Minnesota,1975Minneapolis,38,"Hennepin, MN",47,Minnesota,1975Minnetonka,2,"Hennepin, MN",2,Minnesota,1975New Hope,0,"Hennepin, MN",1,Minnesota,1975Plymouth,1,"Hennepin, MN",2,Minnesota,1975Richfield,1,"Hennepin, MN",1,Minnesota,1975South Lake Minnetonka,0,"Hennepin, MN",1,Minnesota,1975St. Louis Park,1,"Hennepin, MN",1,Minnesota,1975Itasca,1,"Itasca, MN",1,Minnesota,1975Jackson,1,"Jackson, MN",1,Minnesota,1975Kittson,1,"Kittson, MN",1,Minnesota,1975Martin,0,"Martin, MN",1,Minnesota,1975Hutchinson,1,"McLeod, MN",1,Minnesota,1975Mille Lacs,1,"Mille Lacs, MN",1,Minnesota,1975Morrison,1,"Morrison, MN",1,Minnesota,1975Austin,1,"Mower, MN",1,Minnesota,1975Polk,2,"Polk, MN",2,Minnesota,1975Arden Hills,1,"Ramsey, MN",1,Minnesota,1975Shoreview,1,"Ramsey, MN",1,Minnesota,1975St. Paul,16,"Ramsey, MN",18,Minnesota,1975Redwood,1,"Redwood, MN",1,Minnesota,1975Renville,0,"Renville, MN",1,Minnesota,1975Sherburne,1,"Sherburne, MN",0,Minnesota,1975Duluth,2,"St. Louis, MN",2,Minnesota,1975Ely,0,"St. Louis, MN",1,Minnesota,1975Hibbing,0,"St. Louis, MN",1,Minnesota,1975St. Louis,3,"St. Louis, MN",3,Minnesota,1975Lake City,0,"Wabasha, MN",1,Minnesota,1975St. Paul Park,0,"Washington, MN",1,Minnesota,1975Stillwater,2,"Washington, MN",2,Minnesota,1975Washington,2,"Washington, MN",4,Minnesota,1975Woodbury,1,"Washington, MN",1,Minnesota,1975Watonwan,1,"Watonwan, MN",1,Minnesota,1975Wright,1,"Wright, MN",1,Minnesota,1975Blaine,1,"Anoka, MN",1,Minnesota,1998Coon Rapids,3,"Anoka, MN",3,Minnesota,1998Becker,1,"Becker, MN",1,Minnesota,1998Beltrami,1,"Beltrami, MN",1,Minnesota,1998Mankato,1,"Blue Earth, MN",1,Minnesota,1998Carlton,2,"Carlton, MN",2,Minnesota,1998Cass,0,"Cass, MN",1,Minnesota,1998Moorhead,1,"Clay, MN",1,Minnesota,1998Burnsville,1,"Dakota, MN",1,Minnesota,1998Eagan,0,"Dakota, MN",1,Minnesota,1998Lakeville,1,"Dakota, MN",1,Minnesota,1998Faribault,1,"Faribault, MN",1,Minnesota,1998Red Wing,3,"Goodhue, MN",3,Minnesota,1998Bloomington,0,"Hennepin, MN",1,Minnesota,1998Brooklyn Center,1,"Hennepin, MN",1,Minnesota,1998Brooklyn Park,2,"Hennepin, MN",2,Minnesota,1998Minneapolis,0,"Hennepin, MN",58,Minnesota,1998Minnetrista,1,"Hennepin, MN",1,Minnesota,1998Richfield,1,"Hennepin, MN",2,Minnesota,1998Park Rapids,1,"Hubbard, MN",1,Minnesota,1998Itasca,1,"Itasca, MN",1,Minnesota,1998Kanabec,1,"Kanabec, MN",1,Minnesota,1998Kittson,0,"Kittson, MN",1,Minnesota,1998Mahnomen,0,"Mahnomen, MN",2,Minnesota,1998Hutchinson,1,"McLeod, MN",1,Minnesota,1998Mille Lacs,2,"Mille Lacs, MN",2,Minnesota,1998Austin,1,"Mower, MN",1,Minnesota,1998Rochester,0,"Olmsted, MN",1,Minnesota,1998Fergus Falls,1,"Otter Tail, MN",1,Minnesota,1998Pine,0,"Pine, MN",1,Minnesota,1998Arden Hills,1,"Ramsey, MN",1,Minnesota,1998Maplewood,1,"Ramsey, MN",1,Minnesota,1998St. Paul,0,"Ramsey, MN",22,Minnesota,1998Vadnais Heights,1,"Ramsey, MN",1,Minnesota,1998Eveleth,0,"St. Louis, MN",2,Minnesota,1998Oak Park Heights,1,"Washington, MN",1,Minnesota,1998Wright,1,"Wright, MN",1,Minnesota,1998Anoka,3,"Anoka, MN",3,Minnesota,1976Anoka,1,"Anoka, MN",1,Minnesota,1976Blaine,0,"Anoka, MN",1,Minnesota,1976Lino Lakes,1,"Anoka, MN",1,Minnesota,1976Ramsey,3,"Anoka, MN",3,Minnesota,1976Becker,1,"Becker, MN",1,Minnesota,1976Beltrami,1,"Beltrami, MN",1,Minnesota,1976Cass,1,"Cass, MN",1,Minnesota,1976Crow Wing,1,"Crow Wing, MN",2,Minnesota,1976Inver Grove Heights,0,"Dakota, MN",1,Minnesota,1976South St. Paul,2,"Dakota, MN",2,Minnesota,1976Albert Lea,1,"Freeborn, MN",1,Minnesota,1976Goodhue,2,"Goodhue, MN",2,Minnesota,1976Red Wing,1,"Goodhue, MN",1,Minnesota,1976Bloomington,0,"Hennepin, MN",2,Minnesota,1976Brooklyn Park,2,"Hennepin, MN",,Minnesota,1976Crystal,1,"Hennepin, MN",1,Minnesota,1976Golden Valley,1,"Hennepin, MN",1,Minnesota,1976Minneapolis,16,"Hennepin, MN",27,Minnesota,1976Mound,1,"Hennepin, MN",1,Minnesota,1976New Hope,1,"Hennepin, MN",1,Minnesota,1976South Lake Minnetonka,1,"Hennepin, MN",0,Minnesota,1976St. Louis Park,1,"Hennepin, MN",1,Minnesota,1976Itasca,2,"Itasca, MN",2,Minnesota,1976Lake,2,"Lake, MN",2,Minnesota,1976Norman,1,"Norman, MN",1,Minnesota,1976Olmsted,0,"Olmsted, MN",1,Minnesota,1976Otter Tail,0,"Otter Tail, MN",1,Minnesota,1976Pine,5,"Pine, MN",6,Minnesota,1976St. Paul,10,"Ramsey, MN",13,Minnesota,1976Northfield,0,"Rice, MN",1,Minnesota,1976Roseau,1,"Roseau, MN",1,Minnesota,1976Savage,1,"Scott, MN",1,Minnesota,1976Babbitt,1,"St. Louis, MN",1,Minnesota,1976Duluth,1,"St. Louis, MN",1,Minnesota,1976Stearns,0,"Stearns, MN",1,Minnesota,1976Lake City,0,"Wabasha, MN",1,Minnesota,1976Waseca,1,"Waseca, MN",1,Minnesota,1976Anoka,0,"Anoka, MN",2,Minnesota,1999Coon Rapids,0,"Anoka, MN",1,Minnesota,1999Fridley,0,"Anoka, MN",2,Minnesota,1999Beltrami,2,"Beltrami, MN",2,Minnesota,1999Mankato,1,"Blue Earth, MN",1,Minnesota,1999Carlton,1,"Carlton, MN",1,Minnesota,1999Waconia,0,"Carver, MN",2,Minnesota,1999Cass,0,"Cass, MN",1,Minnesota,1999Chippewa,2,"Chippewa, MN",2,Minnesota,1999Chisago,2,"Chisago, MN",2,Minnesota,1999Clearwater,1,"Clearwater, MN",1,Minnesota,1999Red Wing,1,"Goodhue, MN",1,Minnesota,1999Zumbrota,1,"Goodhue, MN",1,Minnesota,1999Bloomington,1,"Hennepin, MN",1,Minnesota,1999Brooklyn Center,1,"Hennepin, MN",1,Minnesota,1999Brooklyn Park,2,"Hennepin, MN",2,Minnesota,1999Hopkins,1,"Hennepin, MN",1,Minnesota,1999Minneapolis,0,"Hennepin, MN",47,Minnesota,1999Richfield,1,"Hennepin, MN",1,Minnesota,1999Houston,0,"Houston, MN",1,Minnesota,1999Isanti,1,"Isanti, MN",1,Minnesota,1999Willmar,1,"Kandiyohi, MN",1,Minnesota,1999Kittson,0,"Kittson, MN",1,Minnesota,1999Marshall,0,"Lyon, MN",1,Minnesota,1999Hutchinson,1,"McLeod, MN",1,Minnesota,1999Mille Lacs,1,"Mille Lacs, MN",1,Minnesota,1999Austin,1,"Mower, MN",1,Minnesota,1999Olmsted,1,"Olmsted, MN",3,Minnesota,1999Rochester,1,"Olmsted, MN",1,Minnesota,1999Fergus Falls,3,"Otter Tail, MN",3,Minnesota,1999Pine,1,"Pine, MN",1,Minnesota,1999East Grand Forks,1,"Polk, MN",1,Minnesota,1999Polk,2,"Polk, MN",2,Minnesota,1999Roseville,1,"Ramsey, MN",1,Minnesota,1999St. Paul,11,"Ramsey, MN",14,Minnesota,1999White Bear Lake,1,"Ramsey, MN",1,Minnesota,1999Faribault,1,"Rice, MN",1,Minnesota,1999Rice,0,"Rice, MN",5,Minnesota,1999Elk River,1,"Sherburne, MN",1,Minnesota,1999Duluth,3,"St. Louis, MN",5,Minnesota,1999St. Louis,0,"St. Louis, MN",1,Minnesota,1999Stearns,2,"Stearns, MN",2,Minnesota,1999Waite Park,1,"Stearns, MN",1,Minnesota,1999Todd,1,"Todd, MN",1,Minnesota,1999Waseca,0,"Waseca, MN",1,Minnesota,1999Watonwan,1,"Watonwan, MN",1,Minnesota,1999Wright,1,"Wright, MN",1,Minnesota,1999Yellow Medicine,1,"Yellow Medicine, MN",1,Minnesota,1999Anoka,1,"Anoka, MN",1,Minnesota,1977Detroit Lakes,1,"Becker, MN",1,Minnesota,1977Beltrami,1,"Beltrami, MN",1,Minnesota,1977Sauk Rapids,2,"Benton, MN",2,Minnesota,1977Carlton,1,"Carlton, MN",1,Minnesota,1977Carver,1,"Carver, MN",2,Minnesota,1977Moorhead,1,"Clay, MN",1,Minnesota,1977Crow Wing,2,"Crow Wing, MN",2,Minnesota,1977Hastings,1,"Dakota, MN",1,Minnesota,1977Inver Grove Heights,0,"Dakota, MN",1,Minnesota,1977West St. Paul,1,"Dakota, MN",1,Minnesota,1977Alexandria,1,"Douglas, MN",1,Minnesota,1977Faribault,1,"Faribault, MN",1,Minnesota,1977Albert Lea,1,"Freeborn, MN",1,Minnesota,1977Bloomington,0,"Hennepin, MN",1,Minnesota,1977Brooklyn Center,0,"Hennepin, MN",1,Minnesota,1977Brooklyn Park,1,"Hennepin, MN",1,Minnesota,1977Crystal,1,"Hennepin, MN",1,Minnesota,1977Minneapolis,20,"Hennepin, MN",38,Minnesota,1977Mound,1,"Hennepin, MN",1,Minnesota,1977New Hope,2,"Hennepin, MN",2,Minnesota,1977Cambridge,1,"Isanti, MN",1,Minnesota,1977Isanti,1,"Isanti, MN",1,Minnesota,1977Itasca,1,"Itasca, MN",1,Minnesota,1977Hutchinson,1,"McLeod, MN",1,Minnesota,1977Mille Lacs,0,"Mille Lacs, MN",1,Minnesota,1977Rochester,1,"Olmsted, MN",1,Minnesota,1977Otter Tail,2,"Otter Tail, MN",1,Minnesota,1977Pine,1,"Pine, MN",1,Minnesota,1977Little Canada,1,"Ramsey, MN",1,Minnesota,1977Roseville,1,"Ramsey, MN",1,Minnesota,1977St. Paul,14,"Ramsey, MN",17,Minnesota,1977White Bear Lake,1,"Ramsey, MN",1,Minnesota,1977Faribault,1,"Rice, MN",1,Minnesota,1977Scott,2,"Scott, MN",2,Minnesota,1977Sibley,1,"Sibley, MN",1,Minnesota,1977Duluth,,"St. Louis, MN",5,Minnesota,1977St. Louis,1,"St. Louis, MN",2,Minnesota,1977Virginia,0,"St. Louis, MN",1,Minnesota,1977Todd,1,"Todd, MN",1,Minnesota,1977Washington,0,"Washington, MN",1,Minnesota,1977Winona,1,"Winona, MN",1,Minnesota,1977Aitkin,3,"Aitkin, MN",3,Minnesota,2000Anoka,0,"Anoka, MN",1,Minnesota,2000Blaine,2,"Anoka, MN",2,Minnesota,2000Ham Lake,1,"Anoka, MN",1,Minnesota,2000Lino Lakes,5,"Anoka, MN",5,Minnesota,2000Ramsey,0,"Anoka, MN",1,Minnesota,2000Spring Lake Park,0,"Anoka, MN",2,Minnesota,2000Benton,0,"Benton, MN",1,Minnesota,2000Mankato,1,"Blue Earth, MN",1,Minnesota,2000Carlton,0,"Carlton, MN",1,Minnesota,2000Cass,2,"Cass, MN",2,Minnesota,2000Moorhead,1,"Clay, MN",1,Minnesota,2000Apple Valley,1,"Dakota, MN",1,Minnesota,2000Eagan,1,"Dakota, MN",1,Minnesota,2000Lakeville,1,"Dakota, MN",1,Minnesota,2000Douglas,1,"Douglas, MN",1,Minnesota,2000Faribault,1,"Faribault, MN",1,Minnesota,2000Fillmore,1,"Fillmore, MN",1,Minnesota,2000Zumbrota,1,"Goodhue, MN",1,Minnesota,2000Crystal,1,"Hennepin, MN",1,Minnesota,2000Golden Valley,0,"Hennepin, MN",2,Minnesota,2000Minneapolis,19,"Hennepin, MN",50,Minnesota,2000Minnetonka,1,"Hennepin, MN",1,Minnesota,2000Plymouth,2,"Hennepin, MN",2,Minnesota,2000Richfield,1,"Hennepin, MN",1,Minnesota,2000St. Louis Park,3,"Hennepin, MN",3,Minnesota,2000Caledonia,0,"Houston, MN",1,Minnesota,2000La Crescent,1,"Houston, MN",1,Minnesota,2000Willmar,1,"Kandiyohi, MN",1,Minnesota,2000Meeker,1,"Meeker, MN",1,Minnesota,2000Austin,1,"Mower, MN",2,Minnesota,2000Norman,1,"Norman, MN",1,Minnesota,2000Olmsted,1,"Olmsted, MN",1,Minnesota,2000Rochester,2,"Olmsted, MN",2,Minnesota,2000Polk,1,"Polk, MN",1,Minnesota,2000New Brighton,2,"Ramsey, MN",2,Minnesota,2000Ramsey,0,"Ramsey, MN",1,Minnesota,2000Shoreview,1,"Ramsey, MN",1,Minnesota,2000St. Paul,20,"Ramsey, MN",20,Minnesota,2000Olivia,1,"Renville, MN",1,Minnesota,2000Renville,1,"Renville, MN",1,Minnesota,2000Savage,0,"Scott, MN",1,Minnesota,2000Shakopee,0,"Scott, MN",1,Minnesota,2000Duluth,4,"St. Louis, MN",5,Minnesota,2000Ely,1,"St. Louis, MN",1,Minnesota,2000St. Louis,0,"St. Louis, MN",1,Minnesota,2000St. Cloud,0,"Stearns, MN",1,Minnesota,2000St. Joseph,1,"Stearns, MN",1,Minnesota,2000Stearns,1,"Stearns, MN",1,Minnesota,2000Owatonna,2,"Steele, MN",2,Minnesota,2000Steele,1,"Steele, MN",1,Minnesota,2000Todd,1,"Todd, MN",1,Minnesota,2000Waseca,1,"Waseca, MN",1,Minnesota,2000Bayport,1,"Washington, MN",1,Minnesota,2000Woodbury,0,"Washington, MN",1,Minnesota,2000Breckenridge,1,"Wilkin, MN",1,Minnesota,2000Winona,1,"Winona, MN",1,Minnesota,2000Wright,1,"Wright, MN",1,Minnesota,2000Ramsey,1,"Anoka, MN",1,Minnesota,1978Blue Earth,1,"Blue Earth, MN",1,Minnesota,1978Carver,1,"Carver, MN",1,Minnesota,1978Cass,1,"Cass, MN",1,Minnesota,1978Clay,1,"Clay, MN",1,Minnesota,1978Eagan,1,"Dakota, MN",1,Minnesota,1978South St. Paul,0,"Dakota, MN",1,Minnesota,1978West St. Paul,0,"Dakota, MN",1,Minnesota,1978Alexandria,1,"Douglas, MN",1,Minnesota,1978Long Lake,0,"Hennepin, MN",1,Minnesota,1978Minneapolis,10,"Hennepin, MN",26,Minnesota,1978Minneapolis-St. Paul I A,0,"Hennepin, MN",1,Minnesota,1978New Hope,4,"Hennepin, MN",4,Minnesota,1978Wayzata,1,"Hennepin, MN",1,Minnesota,1978Kanabec,1,"Kanabec, MN",1,Minnesota,1978Anoka,0,"Anoka, MN",2,Minnesota,2001Columbia Heights,0,"Anoka, MN",1,Minnesota,2001Fridley,2,"Anoka, MN",2,Minnesota,2001Beltrami,1,"Beltrami, MN",1,Minnesota,2001Blue Earth,1,"Blue Earth, MN",1,Minnesota,2001Carver,1,"Carver, MN",1,Minnesota,2001Chaska,1,"Carver, MN",1,Minnesota,2001Cass,1,"Cass, MN",2,Minnesota,2001Cook,0,"Cook, MN",1,Minnesota,2001Inver Grove Heights,1,"Dakota, MN",1,Minnesota,2001Lakeville,1,"Dakota, MN",1,Minnesota,2001Albert Lea,1,"Freeborn, MN",2,Minnesota,2001Goodhue,0,"Goodhue, MN",1,Minnesota,2001Red Wing,1,"Goodhue, MN",1,Minnesota,2001Bloomington,2,"Hennepin, MN",2,Minnesota,2001Brooklyn Center,0,"Hennepin, MN",1,Minnesota,2001Brooklyn Park,1,"Hennepin, MN",1,Minnesota,2001Eden Prairie,1,"Hennepin, MN",1,Minnesota,2001Edina,1,"Hennepin, MN",1,Minnesota,2001Minneapolis,0,"Hennepin, MN",43,Minnesota,2001Minnetrista,1,"Hennepin, MN",1,Minnesota,2001New Hope,1,"Hennepin, MN",1,Minnesota,2001Richfield,1,"Hennepin, MN",1,Minnesota,2001Robbinsdale,1,"Hennepin, MN",1,Minnesota,2001Hubbard,2,"Hubbard, MN",2,Minnesota,2001Itasca,1,"Itasca, MN",1,Minnesota,2001Kanabec,1,"Kanabec, MN",1,Minnesota,2001Kandiyohi,2,"Kandiyohi, MN",2,Minnesota,2001Willmar,0,"Kandiyohi, MN",1,Minnesota,2001Kittson,1,"Kittson, MN",1,Minnesota,2001Two Harbors,1,"Lake, MN",2,Minnesota,2001Mower,2,"Mower, MN",2,Minnesota,2001Worthington,1,"Nobles, MN",1,Minnesota,2001Norman,0,"Norman, MN",1,Minnesota,2001Rochester,3,"Olmsted, MN",3,Minnesota,2001Otter Tail,2,"Otter Tail, MN",2,Minnesota,2001Pine,1,"Pine, MN",1,Minnesota,2001Maplewood,1,"Ramsey, MN",1,Minnesota,2001North St. Paul,1,"Ramsey, MN",1,Minnesota,2001St. Paul,0,"Ramsey, MN",9,Minnesota,2001Rock,0,"Rock, MN",1,Minnesota,2001Shakopee,0,"Scott, MN",1,Minnesota,2001Duluth,4,"St. Louis, MN",4,Minnesota,2001St. Louis,1,"St. Louis, MN",1,Minnesota,2001St. Cloud,1,"Stearns, MN",2,Minnesota,2001Wabasha,1,"Wabasha, MN",1,Minnesota,2001Waseca,1,"Waseca, MN",1,Minnesota,2001Wright,1,"Wright, MN",3,Minnesota,2001Mahnomen,1,"Mahnomen, MN",1,Minnesota,1978Nicollet,2,"Nicollet, MN",2,Minnesota,1978Pine,1,"Pine, MN",1,Minnesota,1978Pipestone,1,"Pipestone, MN",1,Minnesota,1978East Grand Forks,1,"Polk, MN",1,Minnesota,1978Polk,2,"Polk, MN",2,Minnesota,1978St. Paul,16,"Ramsey, MN",15,Minnesota,1978Roseau,1,"Roseau, MN",1,Minnesota,1978Duluth,1,"St. Louis, MN",3,Minnesota,1978Ely,1,"St. Louis, MN",0,Minnesota,1978Stearns,0,"Stearns, MN",4,Minnesota,1978Owatonna,1,"Steele, MN",1,Minnesota,1978Wabasha,1,"Wabasha, MN",1,Minnesota,1978Washington,2,"Washington, MN",2,Minnesota,1978Columbia Heights,1,"Anoka, MN",1,Minnesota,1979Cloquet,1,"Carlton, MN",1,Minnesota,1979Carver,1,"Carver, MN",,Minnesota,1979Montevideo,1,"Chippewa, MN",1,Minnesota,1979Clay,2,"Clay, MN",2,Minnesota,1979Dilworth,1,"Clay, MN",1,Minnesota,1979Moorhead,2,"Clay, MN",2,Minnesota,1979Crow Wing,2,"Crow Wing, MN",2,Minnesota,1979Inver Grove Heights,1,"Dakota, MN",1,Minnesota,1979Dodge,1,"Dodge, MN",1,Minnesota,1979Bloomington,1,"Hennepin, MN",2,Minnesota,1979Brooklyn Center,1,"Hennepin, MN",2,Minnesota,1979Eden Prairie,1,"Hennepin, MN",1,Minnesota,1979Minneapolis,26,"Hennepin, MN",30,Minnesota,1979Minnetonka,0,"Hennepin, MN",1,Minnesota,1979Itasca,2,"Itasca, MN",2,Minnesota,1979Marshall,1,"Lyon, MN",1,Minnesota,1979Olmsted,1,"Olmsted, MN",1,Minnesota,1979Rochester,2,"Olmsted, MN",2,Minnesota,1979Thief River Falls,1,"Pennington, MN",1,Minnesota,1979St. Paul,16,"Ramsey, MN",16,Minnesota,1979Faribault,2,"Rice, MN",2,Minnesota,1979Scott,0,"Scott, MN",1,Minnesota,1979Shakopee,4,"Scott, MN",4,Minnesota,1979Duluth,2,"St. Louis, MN",3,Minnesota,1979Bayport,1,"Washington, MN",2,Minnesota,1979Lake Elmo,0,"Washington, MN",1,Minnesota,1979Washington,0,"Washington, MN",1,Minnesota,1979Buffalo,1,"Wright, MN",1,Minnesota,1979Wright,1,"Wright, MN",2,Minnesota,1979Yellow Medicine,1,"Yellow Medicine, MN",1,Minnesota,1979Anoka,1,"Anoka, MN",1,Minnesota,1980Becker,3,"Becker, MN",3,Minnesota,1980Blue Earth,2,"Blue Earth, MN",2,Minnesota,1980Brown,1,"Brown, MN",1,Minnesota,1980Cass,,"Cass, MN",3,Minnesota,1980Moorhead,2,"Clay, MN",2,Minnesota,1980Cook,1,"Cook, MN",1,Minnesota,1980Crow Wing,2,"Crow Wing, MN",2,Minnesota,1980Inver Grove Heights,1,"Dakota, MN",1,Minnesota,1980Blue Earth,1,"Faribault, MN",1,Minnesota,1980Faribault,0,"Faribault, MN",1,Minnesota,1980Albert Lea,1,"Freeborn, MN",1,Minnesota,1980Bloomington,1,"Hennepin, MN",1,Minnesota,1980Brooklyn Center,1,"Hennepin, MN",1,Minnesota,1980Corcoran,1,"Hennepin, MN",1,Minnesota,1980Dayton,0,"Hennepin, MN",1,Minnesota,1980Minneapolis,26,"Hennepin, MN",36,Minnesota,1980Mound,1,"Hennepin, MN",1,Minnesota,1980Orono,0,"Hennepin, MN",1,Minnesota,1980Richfield,0,"Hennepin, MN",1,Minnesota,1980St. Anthony,1,"Hennepin, MN",1,Minnesota,1980Wayzata,1,"Hennepin, MN",1,Minnesota,1980Lake,1,"Lake, MN",1,Minnesota,1980Mahnomen,1,"Mahnomen, MN",1,Minnesota,1980Mille Lacs,2,"Mille Lacs, MN",2,Minnesota,1980Rochester,1,"Olmsted, MN",1,Minnesota,1980Otter Tail,1,"Otter Tail, MN",1,Minnesota,1980Pine,1,"Pine, MN",1,Minnesota,1980Maplewood,1,"Ramsey, MN",1,Minnesota,1980North Oaks,3,"Ramsey, MN",3,Minnesota,1980St. Paul,13,"Ramsey, MN",16,Minnesota,1980Sherburne,0,"Sherburne, MN",1,Minnesota,1980Duluth,3,"St. Louis, MN",2,Minnesota,1980St. Cloud,3,"Stearns, MN",3,Minnesota,1980Bayport,2,"Washington, MN",2,Minnesota,1980Stillwater,0,"Washington, MN",1,Minnesota,1980Winona,1,"Winona, MN",1,Minnesota,1980Wright,1,"Wright, MN",1,Minnesota,1980Fridley,0,"Anoka, MN",1,Minnesota,2002Bemidji,1,"Beltrami, MN",1,Minnesota,2002Brown,1,"Brown, MN",1,Minnesota,2002Carver,1,"Carver, MN",1,Minnesota,2002Montevideo,1,"Chippewa, MN",1,Minnesota,2002Windom,1,"Cottonwood, MN",1,Minnesota,2002Brainerd,1,"Crow Wing, MN",1,Minnesota,2002Crow Wing,1,"Crow Wing, MN",1,Minnesota,2002Burnsville,1,"Dakota, MN",1,Minnesota,2002Eagan,2,"Dakota, MN",2,Minnesota,2002Inver Grove Heights,1,"Dakota, MN",1,Minnesota,2002South St. Paul,0,"Dakota, MN",1,Minnesota,2002West St. Paul,1,"Dakota, MN",1,Minnesota,2002Douglas,1,"Douglas, MN",1,Minnesota,2002Bloomington,1,"Hennepin, MN",1,Minnesota,2002Brooklyn Center,1,"Hennepin, MN",2,Minnesota,2002Brooklyn Park,2,"Hennepin, MN",2,Minnesota,2002Hennepin,1,"Hennepin, MN",1,Minnesota,2002Maple Grove,2,"Hennepin, MN",4,Minnesota,2002Minneapolis,0,"Hennepin, MN",47,Minnesota,2002Minnetrista,1,"Hennepin, MN",1,Minnesota,2002New Hope,1,"Hennepin, MN",1,Minnesota,2002Richfield,1,"Hennepin, MN",1,Minnesota,2002Robbinsdale,1,"Hennepin, MN",1,Minnesota,2002Isanti,0,"Isanti, MN",1,Minnesota,2002Itasca,1,"Itasca, MN",1,Minnesota,2002Kandiyohi,1,"Kandiyohi, MN",1,Minnesota,2002Mahnomen,0,"Mahnomen, MN",1,Minnesota,2002Little Falls,1,"Morrison, MN",1,Minnesota,2002Rochester,1,"Olmsted, MN",1,Minnesota,2002Otter Tail,1,"Otter Tail, MN",1,Minnesota,2002New Brighton,0,"Ramsey, MN",1,Minnesota,2002St. Paul,0,"Ramsey, MN",13,Minnesota,2002Redwood,1,"Redwood, MN",1,Minnesota,2002Prior Lake,1,"Scott, MN",1,Minnesota,2002Chisholm,1,"St. Louis, MN",1,Minnesota,2002Duluth,3,"St. Louis, MN",3,Minnesota,2002Cold Spring,0,"Stearns, MN",1,Minnesota,2002Todd,1,"Todd, MN",1,Minnesota,2002Wabasha,1,"Wabasha, MN",1,Minnesota,2002Washington,1,"Washington, MN",1,Minnesota,2002Wright,1,"Wright, MN",1,Minnesota,2002Aitkin,0,"Aitkin, MN",1,Minnesota,1981Anoka,1,"Anoka, MN",1,Minnesota,1981Centennial Lakes,1,"Anoka, MN",1,Minnesota,1981Columbia Heights,1,"Anoka, MN",1,Minnesota,1981Becker,1,"Becker, MN",1,Minnesota,1981New Ulm,1,"Brown, MN",1,Minnesota,1981Clay,1,"Clay, MN",1,Minnesota,1981Dilworth,1,"Clay, MN",1,Minnesota,1981Crow Wing,1,"Crow Wing, MN",1,Minnesota,1981Fillmore,1,"Fillmore, MN",1,Minnesota,1981Grant,1,"Grant, MN",1,Minnesota,1981Golden Valley,0,"Hennepin, MN",2,Minnesota,1981Minneapolis,25,"Hennepin, MN",28,Minnesota,1981Minnetrista,1,"Hennepin, MN",1,Minnesota,1981Mound,1,"Hennepin, MN",1,Minnesota,1981Richfield,1,"Hennepin, MN",0,Minnesota,1981Spring Park,1,"Hennepin, MN",1,Minnesota,1981St. Louis Park,1,"Hennepin, MN",1,Minnesota,1981Itasca,1,"Itasca, MN",1,Minnesota,1981Kandiyohi,1,"Kandiyohi, MN",1,Minnesota,1981Lake of The Woods,1,"Lake of the Woods, MN",1,Minnesota,1981Le Sueur,1,"Le Sueur, MN",1,Minnesota,1981Mcleod,1,"McLeod, MN",1,Minnesota,1981Morrison,1,"Morrison, MN",2,Minnesota,1981North Mankato,1,"Nicollet, MN",1,Minnesota,1981Otter Tail,1,"Otter Tail, MN",1,Minnesota,1981East Grand Forks,1,"Polk, MN",1,Minnesota,1981Pope,1,"Pope, MN",1,Minnesota,1981Maplewood,1,"Ramsey, MN",1,Minnesota,1981Mounds View,1,"Ramsey, MN",2,Minnesota,1981St. Paul,7,"Ramsey, MN",13,Minnesota,1981Rice,2,"Rice, MN",2,Minnesota,1981Prior Lake,1,"Scott, MN",1,Minnesota,1981Sherburne,1,"Sherburne, MN",0,Minnesota,1981Babbitt,0,"St. Louis, MN",1,Minnesota,1981Duluth,1,"St. Louis, MN",2,Minnesota,1981St. Louis,2,"St. Louis, MN",1,Minnesota,1981Stearns,0,"Stearns, MN",1,Minnesota,1981Wadena,1,"Wadena, MN",1,Minnesota,1981Waseca,1,"Waseca, MN",1,Minnesota,1981Stillwater,1,"Washington, MN",1,Minnesota,1981Wilkin,1,"Wilkin, MN",1,Minnesota,1981Anoka,1,"Anoka, MN",1,Minnesota,1982Centennial Lakes,1,"Anoka, MN",1,Minnesota,1982Bemidji,1,"Beltrami, MN",1,Minnesota,1982Carver,3,"Carver, MN",3,Minnesota,1982Cass,0,"Cass, MN",1,Minnesota,1982Brainerd,1,"Crow Wing, MN",2,Minnesota,1982Crow Wing,1,"Crow Wing, MN",1,Minnesota,1982Eagan,1,"Dakota, MN",1,Minnesota,1982Douglas,1,"Douglas, MN",1,Minnesota,1982Bloomington,2,"Hennepin, MN",2,Minnesota,1982Brooklyn Center,6,"Hennepin, MN",6,Minnesota,1982Hopkins,1,"Hennepin, MN",0,Minnesota,1982Minneapolis,23,"Hennepin, MN",36,Minnesota,1982St. Louis Park,1,"Hennepin, MN",1,Minnesota,1982Wayzata,2,"Hennepin, MN",2,Minnesota,1982Mille Lacs,0,"Mille Lacs, MN",1,Minnesota,1982Austin,1,"Mower, MN",1,Minnesota,1982Mower,1,"Mower, MN",1,Minnesota,1982Fergus Falls,1,"Otter Tail, MN",1,Minnesota,1982Otter Tail,2,"Otter Tail, MN",2,Minnesota,1982Pine,1,"Pine, MN",1,Minnesota,1982Pope,1,"Pope, MN",1,Minnesota,1982Maplewood,0,"Ramsey, MN",1,Minnesota,1982Mounds View,0,"Ramsey, MN",1,Minnesota,1982North St. Paul,1,"Ramsey, MN",1,Minnesota,1982Roseville,1,"Ramsey, MN",2,Minnesota,1982St. Paul,6,"Ramsey, MN",9,Minnesota,1982Sherburne,1,"Sherburne, MN",1,Minnesota,1982Duluth,4,"St. Louis, MN",4,Minnesota,1982St. Louis,1,"St. Louis, MN",1,Minnesota,1982Virginia,1,"St. Louis, MN",,Minnesota,1982Stearns,2,"Stearns, MN",2,Minnesota,1982Swift,1,"Swift, MN",1,Minnesota,1982Cottage Grove,1,"Washington, MN",1,Minnesota,1982Winona,1,"Winona, MN",1,Minnesota,1982Aitkin,0,"Aitkin, MN",1,Minnesota,2003Bemidji,1,"Beltrami, MN",2,Minnesota,2003Carlton,1,"Carlton, MN",1,Minnesota,2003Cass,1,"Cass, MN",4,Minnesota,2003North Branch,1,"Chisago, MN",1,Minnesota,2003Clay,0,"Clay, MN",1,Minnesota,2003Moorhead,1,"Clay, MN",1,Minnesota,2003Apple Valley,0,"Dakota, MN",1,Minnesota,2003Burnsville,1,"Dakota, MN",1,Minnesota,2003Inver Grove Heights,1,"Dakota, MN",1,Minnesota,2003Blue Earth,1,"Faribault, MN",1,Minnesota,2003Fillmore,1,"Fillmore, MN",1,Minnesota,2003Grant,1,"Grant, MN",1,Minnesota,2003Bloomington,0,"Hennepin, MN",1,Minnesota,2003Brooklyn Center,2,"Hennepin, MN",2,Minnesota,2003Brooklyn Park,2,"Hennepin, MN",2,Minnesota,2003Hennepin,1,"Hennepin, MN",1,Minnesota,2003Maple Grove,2,"Hennepin, MN",2,Minnesota,2003Minneapolis,0,"Hennepin, MN",46,Minnesota,2003Minnetonka,0,"Hennepin, MN",1,Minnesota,2003Robbinsdale,0,"Hennepin, MN",3,Minnesota,2003South Lake Minnetonka,0,"Hennepin, MN",1,Minnesota,2003Caledonia,0,"Houston, MN",1,Minnesota,2003Park Rapids,0,"Hubbard, MN",1,Minnesota,2003Jackson,1,"Jackson, MN",1,Minnesota,2003Kanabec,1,"Kanabec, MN",1,Minnesota,2003Kandiyohi,1,"Kandiyohi, MN",1,Minnesota,2003Marshall,1,"Lyon, MN",1,Minnesota,2003Mcleod,1,"McLeod, MN",1,Minnesota,2003Mille Lacs,2,"Mille Lacs, MN",2,Minnesota,2003Crookston,0,"Polk, MN",1,Minnesota,2003Little Canada,1,"Ramsey, MN",1,Minnesota,2003Maplewood,1,"Ramsey, MN",1,Minnesota,2003St. Paul,0,"Ramsey, MN",20,Minnesota,2003Redwood Falls,1,"Redwood, MN",1,Minnesota,2003Shakopee,1,"Scott, MN",1,Minnesota,2003Duluth,3,"St. Louis, MN",4,Minnesota,2003St. Louis,0,"St. Louis, MN",1,Minnesota,2003Virginia,1,"St. Louis, MN",1,Minnesota,2003Cold Spring,2,"Stearns, MN",2,Minnesota,2003St. Cloud,1,"Stearns, MN",1,Minnesota,2003Long Prairie,0,"Todd, MN",3,Minnesota,2003Oakdale,1,"Washington, MN",1,Minnesota,2003Watonwan,1,"Watonwan, MN",1,Minnesota,2003Anoka,0,"Anoka, MN",1,Minnesota,1983Blaine,0,"Anoka, MN",2,Minnesota,1983Beltrami,2,"Beltrami, MN",2,Minnesota,1983Carlton,1,"Carlton, MN",1,Minnesota,1983Cass,2,"Cass, MN",2,Minnesota,1983Chisago,2,"Chisago, MN",3,Minnesota,1983Cook,1,"Cook, MN",1,Minnesota,1983Fillmore,0,"Fillmore, MN",1,Minnesota,1983Bloomington,0,"Hennepin, MN",1,Minnesota,1983Edina,0,"Hennepin, MN",1,Minnesota,1983Golden Valley,1,"Hennepin, MN",1,Minnesota,1983Hopkins,0,"Hennepin, MN",1,Minnesota,1983Minneapolis,10,"Hennepin, MN",16,Minnesota,1983Minnetonka,1,"Hennepin, MN",1,Minnesota,1983Plymouth,1,"Hennepin, MN",1,Minnesota,1983Richfield,1,"Hennepin, MN",1,Minnesota,1983Itasca,1,"Itasca, MN",1,Minnesota,1983Kandiyohi,1,"Kandiyohi, MN",2,Minnesota,1983Lincoln,2,"Lincoln, MN",2,Minnesota,1983Marshall,1,"Lyon, MN",1,Minnesota,1983Morrison,1,"Morrison, MN",1,Minnesota,1983Austin,0,"Mower, MN",1,Minnesota,1983Nobles,1,"Nobles, MN",1,Minnesota,1983Thief River Falls,1,"Pennington, MN",1,Minnesota,1983Maplewood,1,"Ramsey, MN",0,Minnesota,1983St. Paul,8,"Ramsey, MN",12,Minnesota,1983New Prague,1,"Scott, MN",1,Minnesota,1983Sherburne,1,"Sherburne, MN",1,Minnesota,1983Duluth,1,"St. Louis, MN",1,Minnesota,1983St. Louis,1,"St. Louis, MN",2,Minnesota,1983Todd,1,"Todd, MN",1,Minnesota,1983Stillwater,1,"Washington, MN",1,Minnesota,1983Winona,2,"Winona, MN",2,Minnesota,1983Wright,1,"Wright, MN",1,Minnesota,1983Anoka,0,"Anoka, MN",1,Minnesota,2004Anoka,1,"Anoka, MN",1,Minnesota,2004Ramsey,1,"Anoka, MN",2,Minnesota,2004Mankato,1,"Blue Earth, MN",1,Minnesota,2004Clay,1,"Clay, MN",1,Minnesota,2004Cottonwood,1,"Cottonwood, MN",1,Minnesota,2004Crow Wing,1,"Crow Wing, MN",1,Minnesota,2004Apple Valley,1,"Dakota, MN",1,Minnesota,2004Burnsville,1,"Dakota, MN",1,Minnesota,2004Eagan,0,"Dakota, MN",1,Minnesota,2004West St. Paul,0,"Dakota, MN",1,Minnesota,2004Alexandria,1,"Douglas, MN",2,Minnesota,2004Brooklyn Center,1,"Hennepin, MN",2,Minnesota,2004Brooklyn Park,2,"Hennepin, MN",2,Minnesota,2004Hennepin,1,"Hennepin, MN",1,Minnesota,2004Minneapolis,35,"Hennepin, MN",53,Minnesota,2004St. Louis Park,3,"Hennepin, MN",3,Minnesota,2004Hubbard,1,"Hubbard, MN",1,Minnesota,2004Kanabec,1,"Kanabec, MN",1,Minnesota,2004Hutchinson,1,"McLeod, MN",1,Minnesota,2004Princeton,1,"Mille Lacs, MN",1,Minnesota,2004Morrison,1,"Morrison, MN",1,Minnesota,2004Austin,1,"Mower, MN",1,Minnesota,2004Pennington,1,"Pennington, MN",1,Minnesota,2004Pine,1,"Pine, MN",1,Minnesota,2004St. Paul,0,"Ramsey, MN",20,Minnesota,2004White Bear Lake,1,"Ramsey, MN",1,Minnesota,2004Redwood,1,"Redwood, MN",1,Minnesota,2004Shakopee,0,"Scott, MN",1,Minnesota,2004Sherburne,1,"Sherburne, MN",1,Minnesota,2004Staples,1,"Todd, MN",1,Minnesota,2004Goodview,1,"Winona, MN",1,Minnesota,2004Winona,1,"Winona, MN",2,Minnesota,2004Wright,2,"Wright, MN",2,Minnesota,2004Becker,1,"Becker, MN",1,Minnesota,1984Big Stone,1,"Big Stone, MN",1,Minnesota,1984Cass,3,"Cass, MN",3,Minnesota,1984Clearwater,1,"Clearwater, MN",1,Minnesota,1984South St. Paul,1,"Dakota, MN",1,Minnesota,1984Albert Lea,1,"Freeborn, MN",1,Minnesota,1984Kenyon,2,"Goodhue, MN",2,Minnesota,1984Champlin,0,"Hennepin, MN",1,Minnesota,1984Minneapolis,20,"Hennepin, MN",27,Minnesota,1984Richfield,0,"Hennepin, MN",1,Minnesota,1984Isanti,1,"Isanti, MN",1,Minnesota,1984Kanabec,1,"Kanabec, MN",1,Minnesota,1984International Falls,1,"Koochiching, MN",1,Minnesota,1984Le Sueur,2,"Le Sueur, MN",2,Minnesota,1984Mower,0,"Mower, MN",1,Minnesota,1984Olmsted,1,"Olmsted, MN",1,Minnesota,1984Rochester,4,"Olmsted, MN",4,Minnesota,1984Shoreview,1,"Ramsey, MN",1,Minnesota,1984St. Paul,12,"Ramsey, MN",15,Minnesota,1984Rock,0,"Rock, MN",1,Minnesota,1984Sherburne,1,"Sherburne, MN",1,Minnesota,1984Hibbing,1,"St. Louis, MN",1,Minnesota,1984St. Cloud,1,"Stearns, MN",2,Minnesota,1984Bayport,0,"Washington, MN",1,Minnesota,1984Woodbury,2,"Washington, MN",2,Minnesota,1984Columbia Heights,2,"Anoka, MN",2,Minnesota,2005Coon Rapids,1,"Anoka, MN",1,Minnesota,2005Lino Lakes,1,"Anoka, MN",1,Minnesota,2005Beltrami,2,"Beltrami, MN",2,Minnesota,2005Bemidji,1,"Beltrami, MN",1,Minnesota,2005Sauk Rapids,1,"Benton, MN",1,Minnesota,2005Cass,3,"Cass, MN",4,Minnesota,2005Moorhead,1,"Clay, MN",1,Minnesota,2005Clearwater,1,"Clearwater, MN",1,Minnesota,2005Crow Wing,1,"Crow Wing, MN",1,Minnesota,2005Burnsville,3,"Dakota, MN",3,Minnesota,2005Hastings,2,"Dakota, MN",2,Minnesota,2005Douglas,1,"Douglas, MN",1,Minnesota,2005Albert Lea,1,"Freeborn, MN",1,Minnesota,2005Red Wing,1,"Goodhue, MN",1,Minnesota,2005Bloomington,1,"Hennepin, MN",1,Minnesota,2005Brooklyn Park,1,"Hennepin, MN",1,Minnesota,2005Champlin,1,"Hennepin, MN",1,Minnesota,2005Minneapolis,28,"Hennepin, MN",47,Minnesota,2005Mound,1,"Hennepin, MN",1,Minnesota,2005Mille Lacs,1,"Mille Lacs, MN",1,Minnesota,2005Otter Tail,1,"Otter Tail, MN",1,Minnesota,2005East Grand Forks,0,"Polk, MN",1,Minnesota,2005Polk,0,"Polk, MN",1,Minnesota,2005Roseville,2,"Ramsey, MN",2,Minnesota,2005St. Paul,17,"Ramsey, MN",24,Minnesota,2005Rice,0,"Rice, MN",1,Minnesota,2005Shakopee,1,"Scott, MN",1,Minnesota,2005Duluth,3,"St. Louis, MN",3,Minnesota,2005St. Cloud,2,"Stearns, MN",2,Minnesota,2005Stearns,2,"Stearns, MN",2,Minnesota,2005Woodbury,2,"Washington, MN",2,Minnesota,2005East Bethel,0,"Anoka, MN",1,Minnesota,1985Brown,3,"Brown, MN",3,Minnesota,1985Brainerd,1,"Crow Wing, MN",1,Minnesota,1985Lakeville,1,"Dakota, MN",1,Minnesota,1985Albert Lea,1,"Freeborn, MN",1,Minnesota,1985Brooklyn Park,1,"Hennepin, MN",1,Minnesota,1985Minneapolis,11,"Hennepin, MN",29,Minnesota,1985Robbinsdale,2,"Hennepin, MN",2,Minnesota,1985South Lake Minnetonka,1,"Hennepin, MN",1,Minnesota,1985Itasca,1,"Itasca, MN",1,Minnesota,1985Willmar,1,"Kandiyohi, MN",1,Minnesota,1985Kittson,0,"Kittson, MN",1,Minnesota,1985Le Sueur,0,"Le Sueur, MN",2,Minnesota,1985Mahnomen,1,"Mahnomen, MN",1,Minnesota,1985Morrison,1,"Morrison, MN",1,Minnesota,1985Mower,1,"Mower, MN",1,Minnesota,1985Murray,2,"Murray, MN",2,Minnesota,1985Olmsted,2,"Olmsted, MN",2,Minnesota,1985Rochester,1,"Olmsted, MN",1,Minnesota,1985Otter Tail,1,"Otter Tail, MN",1,Minnesota,1985Crookston,1,"Polk, MN",1,Minnesota,1985Mounds View,1,"Ramsey, MN",1,Minnesota,1985Roseville,1,"Ramsey, MN",1,Minnesota,1985Shoreview,1,"Ramsey, MN",1,Minnesota,1985St. Paul,12,"Ramsey, MN",17,Minnesota,1985Northfield,2,"Rice, MN",2,Minnesota,1985Scott,0,"Scott, MN",1,Minnesota,1985Sherburne,1,"Sherburne, MN",1,Minnesota,1985Duluth,2,"St. Louis, MN",2,Minnesota,1985Hibbing,1,"St. Louis, MN",1,Minnesota,1985St. Cloud,1,"Stearns, MN",1,Minnesota,1985Todd,1,"Todd, MN",1,Minnesota,1985Wadena,2,"Wadena, MN",2,Minnesota,1985Cottage Grove,1,"Washington, MN",1,Minnesota,1985Winona,0,"Winona, MN",1,Minnesota,1985Aitkin,1,"Aitkin, MN",1,Minnesota,2006Blaine,2,"Anoka, MN",2,Minnesota,2006Columbia Heights,1,"Anoka, MN",1,Minnesota,2006Coon Rapids,1,"Anoka, MN",1,Minnesota,2006Fridley,2,"Anoka, MN",2,Minnesota,2006Fridley,0,"Anoka, MN",1,Minnesota,1986Ham Lake,1,"Anoka, MN",1,Minnesota,1986Beltrami,1,"Beltrami, MN",1,Minnesota,1986Bemidji,1,"Beltrami, MN",1,Minnesota,1986Mankato,1,"Blue Earth, MN",1,Minnesota,1986Chanhassen,0,"Carver, MN",1,Minnesota,1986Dakota,0,"Dakota, MN",1,Minnesota,1986Inver Grove Heights,1,"Dakota, MN",1,Minnesota,1986Alexandria,1,"Douglas, MN",1,Minnesota,1986Bloomington,1,"Hennepin, MN",2,Minnesota,1986Brooklyn Center,1,"Hennepin, MN",1,Minnesota,1986Golden Valley,0,"Hennepin, MN",1,Minnesota,1986Hennepin,1,"Hennepin, MN",1,Minnesota,1986Minneapolis,21,"Hennepin, MN",44,Minnesota,1986Minnetonka,1,"Hennepin, MN",1,Minnesota,1986Orono,1,"Hennepin, MN",1,Minnesota,1986Robbinsdale,0,"Hennepin, MN",1,Minnesota,1986St. Anthony,1,"Hennepin, MN",2,Minnesota,1986Kanabec,1,"Kanabec, MN",1,Minnesota,1986Mcleod,0,"McLeod, MN",1,Minnesota,1986Austin,2,"Mower, MN",2,Minnesota,1986Mower,1,"Mower, MN",1,Minnesota,1986Olmsted,1,"Olmsted, MN",1,Minnesota,1986Otter Tail,1,"Otter Tail, MN",1,Minnesota,1986Crookston,1,"Polk, MN",1,Minnesota,1986Polk,1,"Polk, MN",1,Minnesota,1986Maplewood,1,"Ramsey, MN",1,Minnesota,1986Mounds View,1,"Ramsey, MN",1,Minnesota,1986New Brighton,0,"Ramsey, MN",1,Minnesota,1986Roseville,1,"Ramsey, MN",1,Minnesota,1986St. Paul,0,"Ramsey, MN",12,Minnesota,1986Renville,1,"Renville, MN",1,Minnesota,1986Sherburne,1,"Sherburne, MN",1,Minnesota,1986Duluth,1,"St. Louis, MN",1,Minnesota,1986Hibbing,1,"St. Louis, MN",1,Minnesota,1986St. Louis,1,"St. Louis, MN",1,Minnesota,1986Stearns,2,"Stearns, MN",2,Minnesota,1986Waite Park,1,"Stearns, MN",1,Minnesota,1986Wabasha,1,"Wabasha, MN",1,Minnesota,1986Wadena,1,"Wadena, MN",2,Minnesota,1986Waseca,2,"Waseca, MN",2,Minnesota,1986Oakdale,1,"Washington, MN",1,Minnesota,1986Winona,1,"Winona, MN",1,Minnesota,1986Winona,1,"Winona, MN",1,Minnesota,1986Wright,1,"Wright, MN",1,Minnesota,1986Cloquet,1,"Carlton, MN",1,Minnesota,2006Chaska,1,"Carver, MN",1,Minnesota,2006Chisago,2,"Chisago, MN",2,Minnesota,2006Lakes Area,1,"Chisago, MN",1,Minnesota,2006Burnsville,1,"Dakota, MN",1,Minnesota,2006Farmington,1,"Dakota, MN",1,Minnesota,2006South St. Paul,1,"Dakota, MN",1,Minnesota,2006Bloomington,4,"Hennepin, MN",5,Minnesota,2006Brooklyn Center,0,"Hennepin, MN",1,Minnesota,2006Brooklyn Park,2,"Hennepin, MN",2,Minnesota,2006Minneapolis,32,"Hennepin, MN",57,Minnesota,2006Richfield,1,"Hennepin, MN",1,Minnesota,2006Isanti,1,"Isanti, MN",1,Minnesota,2006Itasca,1,"Itasca, MN",1,Minnesota,2006Meeker,1,"Meeker, MN",1,Minnesota,2006Rochester,2,"Olmsted, MN",2,Minnesota,2006Otter Tail,2,"Otter Tail, MN",2,Minnesota,2006Maplewood,1,"Ramsey, MN",1,Minnesota,2006St. Paul,13,"Ramsey, MN",17,Minnesota,2006Redwood,1,"Redwood, MN",1,Minnesota,2006Renville,1,"Renville, MN",1,Minnesota,2006Elk River,1,"Sherburne, MN",1,Minnesota,2006Sherburne,2,"Sherburne, MN",2,Minnesota,2006Duluth,1,"St. Louis, MN",1,Minnesota,2006St. Louis,1,"St. Louis, MN",1,Minnesota,2006St. Joseph,1,"Stearns, MN",1,Minnesota,2006Morris,2,"Stevens, MN",2,Minnesota,2006Todd,1,"Todd, MN",1,Minnesota,2006Wadena,1,"Wadena, MN",1,Minnesota,2006Washington,2,"Washington, MN",2,Minnesota,2006Breckenridge,1,"Wilkin, MN",1,Minnesota,2006Winona,1,"Winona, MN",1,Minnesota,2006Wright,2,"Wright, MN",2,Minnesota,2006Anoka,0,"Anoka, MN",1,Minnesota,1987Columbia Heights,1,"Anoka, MN",2,Minnesota,1987Coon Rapids,1,"Anoka, MN",1,Minnesota,1987Hilltop,1,"Anoka, MN",1,Minnesota,1987Becker,1,"Becker, MN",1,Minnesota,1987Beltrami,1,"Beltrami, MN",2,Minnesota,1987Bemidji,1,"Beltrami, MN",1,Minnesota,1987Benton,1,"Benton, MN",1,Minnesota,1987Mankato,2,"Blue Earth, MN",2,Minnesota,1987New Ulm,1,"Brown, MN",1,Minnesota,1987Chisago,1,"Chisago, MN",1,Minnesota,1987Brainerd,1,"Crow Wing, MN",1,Minnesota,1987Burnsville,1,"Dakota, MN",1,Minnesota,1987Dakota,1,"Dakota, MN",1,Minnesota,1987Eagan,1,"Dakota, MN",1,Minnesota,1987Dodge,1,"Dodge, MN",1,Minnesota,1987Goodhue,1,"Goodhue, MN",1,Minnesota,1987Bloomington,1,"Hennepin, MN",1,Minnesota,1987Brooklyn Center,0,"Hennepin, MN",1,Minnesota,1987Brooklyn Park,1,"Hennepin, MN",2,Minnesota,1987Deephaven-Woodland,0,"Hennepin, MN",1,Minnesota,1987Edina,1,"Hennepin, MN",1,Minnesota,1987Golden Valley,0,"Hennepin, MN",1,Minnesota,1987Hopkins,0,"Hennepin, MN",1,Minnesota,1987Minneapolis,21,"Hennepin, MN",38,Minnesota,1987Richfield,1,"Hennepin, MN",1,Minnesota,1987Houston,2,"Houston, MN",2,Minnesota,1987Isanti,2,"Isanti, MN",3,Minnesota,1987Jackson,1,"Jackson, MN",1,Minnesota,1987Kandiyohi,1,"Kandiyohi, MN",1,Minnesota,1987Lake,1,"Lake, MN",1,Minnesota,1987Lyon,1,"Lyon, MN",1,Minnesota,1987Meeker,1,"Meeker, MN",1,Minnesota,1987Mille Lacs,1,"Mille Lacs, MN",1,Minnesota,1987Morrison,1,"Morrison, MN",1,Minnesota,1987Murray,1,"Murray, MN",1,Minnesota,1987Otter Tail,2,"Otter Tail, MN",2,Minnesota,1987Pine,2,"Pine, MN",2,Minnesota,1987East Grand Forks,2,"Polk, MN",2,Minnesota,1987St. Paul,9,"Ramsey, MN",12,Minnesota,1987Prior Lake,0,"Scott, MN",1,Minnesota,1987Shakopee,1,"Scott, MN",1,Minnesota,1987Duluth,4,"St. Louis, MN",4,Minnesota,1987Virginia,1,"St. Louis, MN",1,Minnesota,1987Steele,1,"Steele, MN",1,Minnesota,1987Washington,2,"Washington, MN",2,Minnesota,1987Aitkin,1,"Aitkin, MN",1,Minnesota,2007Anoka,1,"Anoka, MN",1,Minnesota,2007Blaine,3,"Anoka, MN",3,Minnesota,2007Ramsey,1,"Anoka, MN",1,Minnesota,2007Becker,0,"Becker, MN",1,Minnesota,2007Blue Earth,1,"Blue Earth, MN",1,Minnesota,2007Mankato,1,"Blue Earth, MN",1,Minnesota,2007Chaska,1,"Carver, MN",1,Minnesota,2007Cass,2,"Cass, MN",2,Minnesota,2007Montevideo,1,"Chippewa, MN",1,Minnesota,2007Cottonwood,1,"Cottonwood, MN",1,Minnesota,2007Baxter,1,"Crow Wing, MN",1,Minnesota,2007Crow Wing,1,"Crow Wing, MN",1,Minnesota,2007Burnsville,2,"Dakota, MN",2,Minnesota,2007Alexandria,0,"Douglas, MN",1,Minnesota,2007Douglas,1,"Douglas, MN",0,Minnesota,2007Faribault,1,"Faribault, MN",1,Minnesota,2007Brooklyn Center,2,"Hennepin, MN",4,Minnesota,2007Brooklyn Park,3,"Hennepin, MN",3,Minnesota,2007Crystal,1,"Hennepin, MN",1,Minnesota,2007Edina,1,"Hennepin, MN",1,Minnesota,2007Minneapolis,28,"Hennepin, MN",47,Minnesota,2007Richfield,2,"Hennepin, MN",2,Minnesota,2007St. Anthony,1,"Hennepin, MN",1,Minnesota,2007Kandiyohi,1,"Kandiyohi, MN",1,Minnesota,2007Morrison,1,"Morrison, MN",1,Minnesota,2007Austin,1,"Mower, MN",1,Minnesota,2007Rochester,1,"Olmsted, MN",2,Minnesota,2007East Grand Forks,1,"Polk, MN",1,Minnesota,2007Maplewood,1,"Ramsey, MN",1,Minnesota,2007Ramsey,0,"Ramsey, MN",1,Minnesota,2007St. Paul,10,"Ramsey, MN",14,Minnesota,2007Savage,1,"Scott, MN",1,Minnesota,2007Sherburne,2,"Sherburne, MN",2,Minnesota,2007Duluth,1,"St. Louis, MN",1,Minnesota,2007Eveleth,1,"St. Louis, MN",1,Minnesota,2007Hibbing,1,"St. Louis, MN",1,Minnesota,2007St. Louis,1,"St. Louis, MN",1,Minnesota,2007St. Cloud,0,"Stearns, MN",1,Minnesota,2007Morris,1,"Stevens, MN",1,Minnesota,2007Waseca,2,"Waseca, MN",2,Minnesota,2007Oakdale,1,"Washington, MN",1,Minnesota,2007Wright,1,"Wright, MN",1,Minnesota,2007Aitkin,0,"Aitkin, MN",1,Minnesota,1988Anoka,1,"Anoka, MN",1,Minnesota,1988Blaine,0,"Anoka, MN",1,Minnesota,1988Columbia Heights,1,"Anoka, MN",1,Minnesota,1988Fridley,1,"Anoka, MN",1,Minnesota,1988Benton,1,"Benton, MN",1,Minnesota,1988Mankato,1,"Blue Earth, MN",1,Minnesota,1988Cass,1,"Cass, MN",1,Minnesota,1988Chisago,1,"Chisago, MN",1,Minnesota,1988Brainerd,1,"Crow Wing, MN",1,Minnesota,1988Crow Wing,1,"Crow Wing, MN",2,Minnesota,1988Eagan,1,"Dakota, MN",1,Minnesota,1988Dodge,2,"Dodge, MN",2,Minnesota,1988Kasson,1,"Dodge, MN",1,Minnesota,1988Douglas,1,"Douglas, MN",1,Minnesota,1988Faribault,0,"Faribault, MN",1,Minnesota,1988Spring Valley,1,"Fillmore, MN",1,Minnesota,1988Goodhue,1,"Goodhue, MN",1,Minnesota,1988Bloomington,2,"Hennepin, MN",2,Minnesota,1988Crystal,0,"Hennepin, MN",1,Minnesota,1988Hopkins,0,"Hennepin, MN",1,Minnesota,1988Minneapolis,25,"Hennepin, MN",55,Minnesota,1988New Hope,0,"Hennepin, MN",1,Minnesota,1988Grand Rapids,1,"Itasca, MN",1,Minnesota,1988Itasca,1,"Itasca, MN",1,Minnesota,1988Willmar,0,"Kandiyohi, MN",1,Minnesota,1988Kittson,2,"Kittson, MN",2,Minnesota,1988Koochiching,1,"Koochiching, MN",1,Minnesota,1988Austin,2,"Mower, MN",2,Minnesota,1988Olmsted,5,"Olmsted, MN",5,Minnesota,1988Rochester,1,"Olmsted, MN",1,Minnesota,1988Pine,1,"Pine, MN",1,Minnesota,1988East Grand Forks,2,"Polk, MN",2,Minnesota,1988Mounds View,1,"Ramsey, MN",1,Minnesota,1988St. Paul,0,"Ramsey, MN",17,Minnesota,1988White Bear Lake,1,"Ramsey, MN",1,Minnesota,1988Sherburne,1,"Sherburne, MN",1,Minnesota,1988Sibley,1,"Sibley, MN",1,Minnesota,1988Duluth,1,"St. Louis, MN",1,Minnesota,1988St. Cloud,1,"Stearns, MN",1,Minnesota,1988Stearns,1,"Stearns, MN",1,Minnesota,1988Cottage Grove,0,"Washington, MN",1,Minnesota,1988Wright,2,"Wright, MN",2,Minnesota,1988Aitkin,2,"Aitkin, MN",2,Minnesota,2008Anoka,2,"Anoka, MN",2,Minnesota,2008Anoka,1,"Anoka, MN",1,Minnesota,2008Blaine,1,"Anoka, MN",1,Minnesota,2008Columbia Heights,2,"Anoka, MN",2,Minnesota,2008Fridley,1,"Anoka, MN",1,Minnesota,2008Beltrami,1,"Beltrami, MN",0,Minnesota,2008Chaska,1,"Carver, MN",1,Minnesota,2008Brainerd,1,"Crow Wing, MN",1,Minnesota,2008Hastings,1,"Dakota, MN",1,Minnesota,2008Lakeville,1,"Dakota, MN",1,Minnesota,2008Rosemount,1,"Dakota, MN",1,Minnesota,2008Dodge,1,"Dodge, MN",1,Minnesota,2008Red Wing,1,"Goodhue, MN",1,Minnesota,2008Bloomington,1,"Hennepin, MN",1,Minnesota,2008Brooklyn Center,0,"Hennepin, MN",2,Minnesota,2008Brooklyn Park,1,"Hennepin, MN",1,Minnesota,2008Hopkins,1,"Hennepin, MN",1,Minnesota,2008Minneapolis,20,"Hennepin, MN",37,Minnesota,2008Minnetonka,0,"Hennepin, MN",1,Minnesota,2008Richfield,2,"Hennepin, MN",2,Minnesota,2008Robbinsdale,1,"Hennepin, MN",1,Minnesota,2008St. Louis Park,2,"Hennepin, MN",2,Minnesota,2008Hubbard,1,"Hubbard, MN",1,Minnesota,2008Willmar,1,"Kandiyohi, MN",1,Minnesota,2008Lake,0,"Lake, MN",1,Minnesota,2008Mcleod,1,"McLeod, MN",1,Minnesota,2008Morrison,1,"Morrison, MN",1,Minnesota,2008Worthington,1,"Nobles, MN",1,Minnesota,2008Rochester,4,"Olmsted, MN",4,Minnesota,2008Polk,0,"Polk, MN",1,Minnesota,2008Little Canada,0,"Ramsey, MN",1,Minnesota,2008Mounds View,1,"Ramsey, MN",3,Minnesota,2008New Brighton,1,"Ramsey, MN",1,Minnesota,2008St. Paul,0,"Ramsey, MN",18,Minnesota,2008White Bear Lake,1,"Ramsey, MN",1,Minnesota,2008Olivia,1,"Renville, MN",1,Minnesota,2008Prior Lake,1,"Scott, MN",1,Minnesota,2008Sherburne,1,"Sherburne, MN",1,Minnesota,2008Duluth,2,"St. Louis, MN",2,Minnesota,2008Hermantown,1,"St. Louis, MN",1,Minnesota,2008Hibbing,1,"St. Louis, MN",1,Minnesota,2008Stearns,1,"Stearns, MN",1,Minnesota,2008Steele,1,"Steele, MN",1,Minnesota,2008Anoka,1,"Anoka, MN",1,Minnesota,1989Blaine,0,"Anoka, MN",1,Minnesota,1989Columbia Heights,1,"Anoka, MN",1,Minnesota,1989Fridley,0,"Anoka, MN",1,Minnesota,1989Becker,1,"Becker, MN",1,Minnesota,1989Beltrami,1,"Beltrami, MN",1,Minnesota,1989Carlton,1,"Carlton, MN",1,Minnesota,1989Cass,2,"Cass, MN",4,Minnesota,1989Chisago,1,"Chisago, MN",2,Minnesota,1989Crow Wing,1,"Crow Wing, MN",1,Minnesota,1989Burnsville,1,"Dakota, MN",1,Minnesota,1989Hastings,1,"Dakota, MN",1,Minnesota,1989Alexandria,1,"Douglas, MN",1,Minnesota,1989Albert Lea,1,"Freeborn, MN",1,Minnesota,1989Bloomington,1,"Hennepin, MN",1,Minnesota,1989Brooklyn Park,1,"Hennepin, MN",1,Minnesota,1989Edina,0,"Hennepin, MN",1,Minnesota,1989Minneapolis,27,"Hennepin, MN",46,Minnesota,1989Plymouth,0,"Hennepin, MN",2,Minnesota,1989Richfield,1,"Hennepin, MN",1,Minnesota,1989Hubbard,1,"Hubbard, MN",1,Minnesota,1989Itasca,2,"Itasca, MN",2,Minnesota,1989Jackson,1,"Jackson, MN",1,Minnesota,1989Hutchinson,1,"McLeod, MN",1,Minnesota,1989Meeker,1,"Meeker, MN",1,Minnesota,1989Morrison,1,"Morrison, MN",1,Minnesota,1989Olmsted,1,"Olmsted, MN",2,Minnesota,1989Pine,1,"Pine, MN",1,Minnesota,1989Arden Hills,0,"Ramsey, MN",1,Minnesota,1989Roseville,1,"Ramsey, MN",1,Minnesota,1989St. Paul,12,"Ramsey, MN",15,Minnesota,1989Rice,2,"Rice, MN",3,Minnesota,1989Scott,0,"Scott, MN",1,Minnesota,1989Duluth,1,"St. Louis, MN",1,Minnesota,1989St. Louis,1,"St. Louis, MN",1,Minnesota,1989St. Cloud,1,"Stearns, MN",1,Minnesota,1989Steele,1,"Steele, MN",1,Minnesota,1989Todd,1,"Todd, MN",1,Minnesota,1989Cottage Grove,1,"Washington, MN",1,Minnesota,1989Lake Elmo,1,"Washington, MN",1,Minnesota,1989Newport,1,"Washington, MN",1,Minnesota,1989Oakdale,1,"Washington, MN",1,Minnesota,1989Monticello,1,"Wright, MN",1,Minnesota,1989Aitkin,1,"Aitkin, MN",1,Minnesota,2009Anoka,1,"Anoka, MN",1,Minnesota,2009Blaine,1,"Anoka, MN",1,Minnesota,2009Centennial Lakes,1,"Anoka, MN",1,Minnesota,2009Coon Rapids,1,"Anoka, MN",1,Minnesota,2009Beltrami,3,"Beltrami, MN",3,Minnesota,2009Carlton,0,"Carlton, MN",1,Minnesota,2009Apple Valley,1,"Dakota, MN",1,Minnesota,2009Burnsville,2,"Dakota, MN",2,Minnesota,2009Dakota,1,"Dakota, MN",1,Minnesota,2009Eagan,1,"Dakota, MN",1,Minnesota,2009South St. Paul,1,"Dakota, MN",1,Minnesota,2009Albert Lea,1,"Freeborn, MN",1,Minnesota,2009Bloomington,2,"Hennepin, MN",2,Minnesota,2009Hopkins,1,"Hennepin, MN",1,Minnesota,2009Maple Grove,1,"Hennepin, MN",1,Minnesota,2009Minneapolis,10,"Hennepin, MN",18,Minnesota,2009Minnetonka,1,"Hennepin, MN",1,Minnesota,2009Richfield,2,"Hennepin, MN",2,Minnesota,2009Itasca,1,"Itasca, MN",1,Minnesota,2009Kanabec,2,"Kanabec, MN",2,Minnesota,2009St. Peter,1,"Nicollet, MN",1,Minnesota,2009Rochester,1,"Olmsted, MN",1,Minnesota,2009Lauderdale,1,"Ramsey, MN",1,Minnesota,2009North St. Paul,1,"Ramsey, MN",1,Minnesota,2009St. Paul,0,"Ramsey, MN",13,Minnesota,2009Sherburne,1,"Sherburne, MN",1,Minnesota,2009Duluth,3,"St. Louis, MN",3,Minnesota,2009Virginia,1,"St. Louis, MN",1,Minnesota,2009St. Cloud,1,"Stearns, MN",1,Minnesota,2009Stearns,1,"Stearns, MN",1,Minnesota,2009Steele,1,"Steele, MN",1,Minnesota,2009Wheaton,1,"Traverse, MN",1,Minnesota,2009Stillwater,2,"Washington, MN",2,Minnesota,2009Washington,0,"Washington, MN",1,Minnesota,2009Wilkin,0,"Wilkin, MN",1,Minnesota,2009Columbia Heights,1,"Anoka, MN",1,Minnesota,2010White Earth Tribal,0,"Becker, MN",2,Minnesota,2010Blue Earth,1,"Blue Earth, MN",1,Minnesota,2010Mankato,1,"Blue Earth, MN",1,Minnesota,2010Moorhead,0,"Clay, MN",2,Minnesota,2010Eagan,2,"Dakota, MN",2,Minnesota,2010Inver Grove Heights,1,"Dakota, MN",2,Minnesota,2010Rosemount,1,"Dakota, MN",1,Minnesota,2010Brooklyn Center,1,"Hennepin, MN",1,Minnesota,2010Brooklyn Park,1,"Hennepin, MN",2,Minnesota,2010Eden Prairie,1,"Hennepin, MN",1,Minnesota,2010Golden Valley,1,"Hennepin, MN",1,Minnesota,2010Minneapolis,23,"Hennepin, MN",37,Minnesota,2010Minnetonka,0,"Hennepin, MN",1,Minnesota,2010St. Louis Park,2,"Hennepin, MN",2,Minnesota,2010Lakefield,1,"Jackson, MN",1,Minnesota,2010Le Sueur,1,"Le Sueur, MN",1,Minnesota,2010North Mankato,1,"Nicollet, MN",1,Minnesota,2010Rochester,1,"Olmsted, MN",1,Minnesota,2010Ramsey,3,"Ramsey, MN",3,Minnesota,2010Roseville,1,"Ramsey, MN",1,Minnesota,2010St. Paul,0,"Ramsey, MN",16,Minnesota,2010Shakopee,2,"Scott, MN",2,Minnesota,2010Sherburne,0,"Sherburne, MN",1,Minnesota,2010Chisholm,1,"St. Louis, MN",1,Minnesota,2010Duluth,1,"St. Louis, MN",1,Minnesota,2010St. Cloud,3,"Stearns, MN",3,Minnesota,2010Washington,3,"Washington, MN",3,Minnesota,2010Watonwan,2,"Watonwan, MN",2,Minnesota,2010Winona,1,"Winona, MN",1,Minnesota,2010Wright,1,"Wright, MN",1,Minnesota,2010Anoka,0,"Anoka, MN",1,Minnesota,2011Anoka,1,"Anoka, MN",1,Minnesota,2011Centennial Lakes,1,"Anoka, MN",1,Minnesota,2011Coon Rapids,2,"Anoka, MN",2,Minnesota,2011Mankato,1,"Blue Earth, MN",1,Minnesota,2011Carlton,2,"Carlton, MN",2,Minnesota,2011Chaska,1,"Carver, MN",1,Minnesota,2011Cass,2,"Cass, MN",2,Minnesota,2011Leech Lake Bnd Of Ojibwe,0,"Cass, MN",1,Minnesota,2011Crow Wing,1,"Crow Wing, MN",1,Minnesota,2011Burnsville,1,"Dakota, MN",1,Minnesota,2011Brooklyn Park,4,"Hennepin, MN",5,Minnesota,2011Minneapolis,20,"Hennepin, MN",32,Minnesota,2011New Hope,1,"Hennepin, MN",1,Minnesota,2011St. Louis Park,1,"Hennepin, MN",1,Minnesota,2011Park Rapids,1,"Hubbard, MN",1,Minnesota,2011Kandiyohi,1,"Kandiyohi, MN",1,Minnesota,2011Martin,0,"Martin, MN",1,Minnesota,2011Mille Lacs Tribal,0,"Mille Lacs, MN",1,Minnesota,2011Little Falls,1,"Morrison, MN",1,Minnesota,2011Rochester,1,"Olmsted, MN",1,Minnesota,2011Otter Tail,2,"Otter Tail, MN",2,Minnesota,2011St. Paul,0,"Ramsey, MN",8,Minnesota,2011Vadnais Heights,0,"Ramsey, MN",1,Minnesota,2011Northfield,1,"Rice, MN",1,Minnesota,2011Virginia,1,"St. Louis, MN",1,Minnesota,2011Todd,1,"Todd, MN",1,Minnesota,2011Oakdale,2,"Washington, MN",2,Minnesota,2011Coon Rapids,1,"Anoka, MN",1,Minnesota,2012Bemidji,1,"Beltrami, MN",1,Minnesota,2012Cloquet,1,"Carlton, MN",1,Minnesota,2012Carver,1,"Carver, MN",1,Minnesota,2012Cass,3,"Cass, MN",3,Minnesota,2012Leech Lake Bnd Of Ojibwe,0,"Cass, MN",1,Minnesota,2012Montevideo,1,"Chippewa, MN",1,Minnesota,2012North Branch,0,"Chisago, MN",1,Minnesota,2012Crow Wing,1,"Crow Wing, MN",1,Minnesota,2012Apple Valley,0,"Dakota, MN",2,Minnesota,2012Douglas,1,"Douglas, MN",1,Minnesota,2012Blue Earth,1,"Faribault, MN",1,Minnesota,2012Brooklyn Center,1,"Hennepin, MN",1,Minnesota,2012Brooklyn Park,1,"Hennepin, MN",4,Minnesota,2012Crystal,1,"Hennepin, MN",1,Minnesota,2012Minneapolis,28,"Hennepin, MN",39,Minnesota,2012Minnetrista,1,"Hennepin, MN",1,Minnesota,2012Richfield,1,"Hennepin, MN",1,Minnesota,2012Robbinsdale,1,"Hennepin, MN",1,Minnesota,2012St. Anthony,1,"Hennepin, MN",1,Minnesota,2012Glencoe,1,"McLeod, MN",1,Minnesota,2012Morrison,2,"Morrison, MN",2,Minnesota,2012Olmsted,1,"Olmsted, MN",1,Minnesota,2012Rochester,1,"Olmsted, MN",2,Minnesota,2012Otter Tail,0,"Otter Tail, MN",1,Minnesota,2012Pennington,1,"Pennington, MN",1,Minnesota,2012Crookston,1,"Polk, MN",1,Minnesota,2012Mounds View,2,"Ramsey, MN",2,Minnesota,2012St. Paul,11,"Ramsey, MN",13,Minnesota,2012Roseau,0,"Roseau, MN",1,Minnesota,2012Duluth,1,"St. Louis, MN",2,Minnesota,2012Cold Spring,0,"Stearns, MN",1,Minnesota,2012St. Cloud,2,"Stearns, MN",2,Minnesota,2012Stearns,1,"Stearns, MN",3,Minnesota,2012Cottage Grove,0,"Washington, MN",1,Minnesota,2012Stillwater,1,"Washington, MN",1,Minnesota,2012Anoka,0,"Anoka, MN",1,Minnesota,2013Ramsey,1,"Anoka, MN",1,Minnesota,2013Becker,2,"Becker, MN",2,Minnesota,2013Detroit Lakes,0,"Becker, MN",1,Minnesota,2013Beltrami,1,"Beltrami, MN",1,Minnesota,2013Red Lake Agency,1,"Beltrami, MN",1,Minnesota,2013Mankato,1,"Blue Earth, MN",1,Minnesota,2013Leech Lake Bnd Of Ojibwe,1,"Cass, MN",1,Minnesota,2013Montevideo,0,"Chippewa, MN",1,Minnesota,2013Moorhead,0,"Clay, MN",1,Minnesota,2013Clearwater,1,"Clearwater, MN",1,Minnesota,2013Apple Valley,2,"Dakota, MN",2,Minnesota,2013Burnsville,1,"Dakota, MN",3,Minnesota,2013Rosemount,0,"Dakota, MN",2,Minnesota,2013West St. Paul,1,"Dakota, MN",1,Minnesota,2013Alexandria,1,"Douglas, MN",1,Minnesota,2013Bloomington,1,"Hennepin, MN",1,Minnesota,2013Brooklyn Center,2,"Hennepin, MN",2,Minnesota,2013Brooklyn Park,1,"Hennepin, MN",3,Minnesota,2013Eden Prairie,1,"Hennepin, MN",1,Minnesota,2013Minneapolis,17,"Hennepin, MN",36,Minnesota,2013New Hope,1,"Hennepin, MN",1,Minnesota,2013Orono,1,"Hennepin, MN",1,Minnesota,2013Richfield,2,"Hennepin, MN",2,Minnesota,2013South Lake Minnetonka,0,"Hennepin, MN",1,Minnesota,2013St. Louis Park,1,"Hennepin, MN",1,Minnesota,2013Hubbard,1,"Hubbard, MN",1,Minnesota,2013Itasca,1,"Itasca, MN",1,Minnesota,2013Kandiyohi,1,"Kandiyohi, MN",1,Minnesota,2013Morrison,1,"Morrison, MN",1,Minnesota,2013St. Peter,1,"Nicollet, MN",1,Minnesota,2013Otter Tail,1,"Otter Tail, MN",1,Minnesota,2013Pope,0,"Pope, MN",1,Minnesota,2013Maplewood,1,"Ramsey, MN",1,Minnesota,2013Mounds View,1,"Ramsey, MN",1,Minnesota,2013Roseville,0,"Ramsey, MN",1,Minnesota,2013Shoreview,1,"Ramsey, MN",2,Minnesota,2013St. Paul,13,"Ramsey, MN",14,Minnesota,2013Redwood Falls,1,"Redwood, MN",1,Minnesota,2013Faribault,1,"Rice, MN",1,Minnesota,2013Shakopee,2,"Scott, MN",2,Minnesota,2013Sherburne,0,"Sherburne, MN",3,Minnesota,2013Duluth,2,"St. Louis, MN",2,Minnesota,2013St. Louis,0,"St. Louis, MN",1,Minnesota,2013St. Cloud,1,"Stearns, MN",1,Minnesota,2013Stearns,0,"Stearns, MN",1,Minnesota,2013Todd,1,"Todd, MN",1,Minnesota,2013Oakdale,1,"Washington, MN",1,Minnesota,2013St. Paul Park,1,"Washington, MN",1,Minnesota,2013Wright,0,"Wright, MN",1,Minnesota,2013Granite Falls,2,"Yellow Medicine, MN",2,Minnesota,2013